#
# There is insufficient memory for the Java Runtime Environment to continue.
# Native memory allocation (malloc) failed to allocate 1586576 bytes. Error detail: Chunk::new
# Possible reasons:
#   The system is out of physical RAM or swap space
#   This process is running with CompressedOops enabled, and the Java Heap may be blocking the growth of the native heap
# Possible solutions:
#   Reduce memory load on the system
#   Increase physical memory or swap space
#   Check if swap backing store is full
#   Decrease Java heap size (-Xmx/-Xms)
#   Decrease number of Java threads
#   Decrease Java thread stack sizes (-Xss)
#   Set larger code cache with -XX:ReservedCodeCacheSize=
#   JVM is running with Unscaled Compressed Oops mode in which the Java heap is
#     placed in the first 4GB address space. The Java Heap base address is the
#     maximum limit for the native heap growth. Please use -XX:HeapBaseMinAddress
#     to set the Java Heap base and to place the Java Heap above 4GB virtual address.
# This output file may be truncated or incomplete.
#
#  Out of Memory Error (arena.cpp:168), pid=34068, tid=43764
#
# JRE version: OpenJDK Runtime Environment Temurin-21.0.12.1+1 (21.0.12.1+1) (build 21.0.12.1+1-LTS)
# Java VM: OpenJDK 64-Bit Server VM Temurin-21.0.12.1+1 (21.0.12.1+1-LTS, mixed mode, sharing, tiered, compressed oops, compressed class ptrs, g1 gc, windows-amd64)
# No core dump will be written. Minidumps are not enabled by default on client versions of Windows
#

---------------  S U M M A R Y ------------

Command Line: --add-opens=java.base/java.util=ALL-UNNAMED --add-opens=java.base/java.lang=ALL-UNNAMED --add-opens=java.base/java.lang.invoke=ALL-UNNAMED --add-opens=java.prefs/java.util.prefs=ALL-UNNAMED --add-exports=jdk.compiler/com.sun.tools.javac.api=ALL-UNNAMED --add-exports=jdk.compiler/com.sun.tools.javac.util=ALL-UNNAMED --add-opens=java.base/java.nio.charset=ALL-UNNAMED --add-opens=java.base/java.net=ALL-UNNAMED --add-opens=java.base/java.util.concurrent.atomic=ALL-UNNAMED -XX:MaxMetaspaceSize=384m -XX:+HeapDumpOnOutOfMemoryError -Xms256m -Xmx512m -Dfile.encoding=utf8 -Duser.country=IT -Duser.language=it -Duser.variant -javaagent:C:\Users\berti\.gradle\wrapper\dists\gradle-8.9-bin\90cnw93cvbtalezasaz0blq0a\gradle-8.9\lib\agents\gradle-instrumentation-agent-8.9.jar org.gradle.launcher.daemon.bootstrap.GradleDaemon 8.9

Host: 13th Gen Intel(R) Core(TM) i7-1370P, 20 cores, 31G,  Windows 11 , 64 bit Build 26100 (10.0.26100.9549)
Time: Wed Sep 30 08:38:24 2026 ora legale Europa occidentale elapsed time: 46.162603 seconds (0d 0h 0m 46s)

---------------  T H R E A D  ---------------

Current thread (0x0000023b73681f10):  JavaThread "C2 CompilerThread1" daemon [_thread_in_native, id=43764, stack(0x000000ca40e00000,0x000000ca40f00000) (1024K)]


Current CompileTask:
C2:46162 9865       4       org.gradle.api.internal.attributes.DefaultImmutableAttributesFactory::concat (46 bytes)

Stack: [0x000000ca40e00000,0x000000ca40f00000]
Native frames: (J=compiled Java code, j=interpreted, Vv=VM code, C=native code)
V  [jvm.dll+0x6d83e9]
V  [jvm.dll+0x8b5736]
V  [jvm.dll+0x8b7cee]
V  [jvm.dll+0x8b83d3]
V  [jvm.dll+0x284596]
V  [jvm.dll+0xc685d]
V  [jvm.dll+0xc6da1]
V  [jvm.dll+0x3bf151]
V  [jvm.dll+0x38b6d2]
V  [jvm.dll+0x38ab1a]
V  [jvm.dll+0x24c700]
V  [jvm.dll+0x24bce0]
V  [jvm.dll+0x1cb4ae]
V  [jvm.dll+0x25baad]
V  [jvm.dll+0x25a03a]
V  [jvm.dll+0x3f8aae]
V  [jvm.dll+0x8600cd]
V  [jvm.dll+0x6d6c1d]
C  [ucrtbase.dll+0x2cd30]
C  [KERNEL32.DLL+0x2cdf7]
C  [ntdll.dll+0x7ee4c]


---------------  P R O C E S S  ---------------

Threads class SMR info:
_java_thread_list=0x0000023b755d6540, length=85, elements={
0x0000023b565a87e0, 0x0000023b6cde93b0, 0x0000023b6cdea010, 0x0000023b6cdef050,
0x0000023b6cdf3810, 0x0000023b6cdf61b0, 0x0000023b6cdf4030, 0x0000023b6cdf4dd0,
0x0000023b6cdf5630, 0x0000023b6d11c7e0, 0x0000023b6d0dcac0, 0x0000023b730500b0,
0x0000023b726e20d0, 0x0000023b730f3090, 0x0000023b726e0900, 0x0000023b73111720,
0x0000023b73112ad0, 0x0000023b73112440, 0x0000023b73110a00, 0x0000023b73113160,
0x0000023b72744e60, 0x0000023b72743420, 0x0000023b72744140, 0x0000023b72745b80,
0x0000023b72742700, 0x0000023b72749000, 0x0000023b7536ccd0, 0x0000023b75368b30,
0x0000023b7536bfb0, 0x0000023b78550da0, 0x0000023b78552150, 0x0000023b78551430,
0x0000023b785527e0, 0x0000023b78550710, 0x0000023b78550080, 0x0000023b78551ac0,
0x0000023b7854f360, 0x0000023b78552e70, 0x0000023b7854f9f0, 0x0000023b78555c60,
0x0000023b78553500, 0x0000023b73681f10, 0x0000023b73684120, 0x0000023b73681170,
0x0000023b73683380, 0x0000023b73683a50, 0x0000023b78554220, 0x0000023b785562f0,
0x0000023b785555d0, 0x0000023b785548b0, 0x0000023b78554f40, 0x0000023b78556980,
0x0000023b78553b90, 0x0000023b753691c0, 0x0000023b75366a60, 0x0000023b753670f0,
0x0000023b75367780, 0x0000023b7536a570, 0x0000023b75369ee0, 0x0000023b7536b290,
0x0000023b73680aa0, 0x0000023b75369850, 0x0000023b753684a0, 0x0000023b75367e10,
0x0000023b7536c640, 0x0000023b7536d360, 0x0000023b7536d9f0, 0x0000023b7536e080,
0x0000023b7536b920, 0x0000023b72743ab0, 0x0000023b727447d0, 0x0000023b727454f0,
0x0000023b72742070, 0x0000023b72746210, 0x0000023b72742d90, 0x0000023b727468a0,
0x0000023b72746f30, 0x0000023b727482e0, 0x0000023b72748970, 0x0000023b73111db0,
0x0000023b73110370, 0x0000023b73111090, 0x0000023b73d39990, 0x0000023b73d3a020,
0x0000023b73d3a6b0
}

Java Threads: ( => current thread )
  0x0000023b565a87e0 JavaThread "main"                              [_thread_blocked, id=20960, stack(0x000000ca3d100000,0x000000ca3d200000) (1024K)]
  0x0000023b6cde93b0 JavaThread "Reference Handler"          daemon [_thread_blocked, id=17868, stack(0x000000ca3d900000,0x000000ca3da00000) (1024K)]
  0x0000023b6cdea010 JavaThread "Finalizer"                  daemon [_thread_blocked, id=34748, stack(0x000000ca3da00000,0x000000ca3db00000) (1024K)]
  0x0000023b6cdef050 JavaThread "Signal Dispatcher"          daemon [_thread_blocked, id=15848, stack(0x000000ca3db00000,0x000000ca3dc00000) (1024K)]
  0x0000023b6cdf3810 JavaThread "Attach Listener"            daemon [_thread_blocked, id=29880, stack(0x000000ca3dc00000,0x000000ca3dd00000) (1024K)]
  0x0000023b6cdf61b0 JavaThread "Service Thread"             daemon [_thread_blocked, id=35352, stack(0x000000ca3dd00000,0x000000ca3de00000) (1024K)]
  0x0000023b6cdf4030 JavaThread "Monitor Deflation Thread"   daemon [_thread_blocked, id=1220, stack(0x000000ca3de00000,0x000000ca3df00000) (1024K)]
  0x0000023b6cdf4dd0 JavaThread "C2 CompilerThread0"         daemon [_thread_in_vm, id=8520, stack(0x000000ca3df00000,0x000000ca3e000000) (1024K)]
  0x0000023b6cdf5630 JavaThread "C1 CompilerThread0"         daemon [_thread_in_native, id=36668, stack(0x000000ca3e000000,0x000000ca3e100000) (1024K)]
  0x0000023b6d11c7e0 JavaThread "Common-Cleaner"             daemon [_thread_blocked, id=38480, stack(0x000000ca3e200000,0x000000ca3e300000) (1024K)]
  0x0000023b6d0dcac0 JavaThread "Notification Thread"        daemon [_thread_blocked, id=28592, stack(0x000000ca3e300000,0x000000ca3e400000) (1024K)]
  0x0000023b730500b0 JavaThread "Daemon health stats"               [_thread_blocked, id=17536, stack(0x000000ca3ea00000,0x000000ca3eb00000) (1024K)]
  0x0000023b726e20d0 JavaThread "Incoming local TCP Connector on port 63932"        [_thread_in_native, id=2384, stack(0x000000ca3e400000,0x000000ca3e500000) (1024K)]
  0x0000023b730f3090 JavaThread "Daemon periodic checks"            [_thread_blocked, id=13156, stack(0x000000ca3ef00000,0x000000ca3f000000) (1024K)]
  0x0000023b726e0900 JavaThread "Daemon"                            [_thread_blocked, id=32132, stack(0x000000ca3ee00000,0x000000ca3ef00000) (1024K)]
  0x0000023b73111720 JavaThread "Daemon worker"                     [_thread_in_Java, id=17496, stack(0x000000ca3f200000,0x000000ca3f300000) (1024K)]
  0x0000023b73112ad0 JavaThread "Cache worker for journal cache (C:\Users\berti\.gradle\caches\journal-1)"        [_thread_blocked, id=29876, stack(0x000000ca3ed00000,0x000000ca3ee00000) (1024K)]
  0x0000023b73112440 JavaThread "File lock request listener"        [_thread_in_native, id=24024, stack(0x000000ca3f600000,0x000000ca3f700000) (1024K)]
  0x0000023b73110a00 JavaThread "Cache worker for file hash cache (C:\Users\berti\.gradle\caches\8.9\fileHashes)"        [_thread_blocked, id=33736, stack(0x000000ca3f700000,0x000000ca3f800000) (1024K)]
  0x0000023b73113160 JavaThread "File lock release action executor"        [_thread_blocked, id=31840, stack(0x000000ca3f800000,0x000000ca3f900000) (1024K)]
  0x0000023b72744e60 JavaThread "File watcher server"        daemon [_thread_in_native, id=38612, stack(0x000000ca3f900000,0x000000ca3fa00000) (1024K)]
  0x0000023b72743420 JavaThread "File watcher consumer"      daemon [_thread_blocked, id=27744, stack(0x000000ca3fa00000,0x000000ca3fb00000) (1024K)]
  0x0000023b72744140 JavaThread "Cache worker for file content cache (C:\Users\berti\.gradle\caches\8.9\fileContent)"        [_thread_blocked, id=27584, stack(0x000000ca40a00000,0x000000ca40b00000) (1024K)]
  0x0000023b72745b80 JavaThread "jar transforms"                    [_thread_blocked, id=32560, stack(0x000000ca40f00000,0x000000ca41000000) (1024K)]
  0x0000023b72742700 JavaThread "jar transforms Thread 2"           [_thread_blocked, id=28728, stack(0x000000ca41000000,0x000000ca41100000) (1024K)]
  0x0000023b72749000 JavaThread "jar transforms Thread 3"           [_thread_blocked, id=20416, stack(0x000000ca40d00000,0x000000ca40e00000) (1024K)]
  0x0000023b7536ccd0 JavaThread "jar transforms Thread 4"           [_thread_blocked, id=16000, stack(0x000000ca44a00000,0x000000ca44b00000) (1024K)]
  0x0000023b75368b30 JavaThread "VFS cleanup"                       [_thread_blocked, id=5336, stack(0x000000ca3f300000,0x000000ca3f400000) (1024K)]
  0x0000023b7536bfb0 JavaThread "jar transforms Thread 5"           [_thread_blocked, id=26092, stack(0x000000ca40c00000,0x000000ca40d00000) (1024K)]
  0x0000023b78550da0 JavaThread "jar transforms Thread 6"           [_thread_blocked, id=42168, stack(0x000000ca43a00000,0x000000ca43b00000) (1024K)]
  0x0000023b78552150 JavaThread "Handler for socket connection from /127.0.0.1:63932 to /127.0.0.1:60057"        [_thread_in_native, id=28720, stack(0x000000ca3e100000,0x000000ca3e200000) (1024K)]
  0x0000023b78551430 JavaThread "Cancel handler"                    [_thread_blocked, id=3520, stack(0x000000ca3eb00000,0x000000ca3ec00000) (1024K)]
  0x0000023b785527e0 JavaThread "Asynchronous log dispatcher for DefaultDaemonConnection: socket connection from /127.0.0.1:63932 to /127.0.0.1:60057"        [_thread_blocked, id=42584, stack(0x000000ca3ec00000,0x000000ca3ed00000) (1024K)]
  0x0000023b78550710 JavaThread "Stdin handler"                     [_thread_blocked, id=41624, stack(0x000000ca3f000000,0x000000ca3f100000) (1024K)]
  0x0000023b78550080 JavaThread "Daemon client event forwarder"        [_thread_blocked, id=42544, stack(0x000000ca3f100000,0x000000ca3f200000) (1024K)]
  0x0000023b78551ac0 JavaThread "Cache worker for file hash cache (D:\Sviluppo\Terraria\Workspace25\pd-game-RDN\node_modules\@capacitor\haptics\android\.gradle\8.9\fileHashes)"        [_thread_blocked, id=42324, stack(0x000000ca3f400000,0x000000ca3f500000) (1024K)]
  0x0000023b7854f360 JavaThread "Cache worker for Build Output Cleanup Cache (D:\Sviluppo\Terraria\Workspace25\pd-game-RDN\node_modules\@capacitor\haptics\android\.gradle\buildOutputCleanup)"        [_thread_blocked, id=28852, stack(0x000000ca3f500000,0x000000ca3f600000) (1024K)]
  0x0000023b78552e70 JavaThread "Cache worker for checksums cache (D:\Sviluppo\Terraria\Workspace25\pd-game-RDN\node_modules\@capacitor\haptics\android\.gradle\8.9\checksums)"        [_thread_blocked, id=42164, stack(0x000000ca3fb00000,0x000000ca3fc00000) (1024K)]
  0x0000023b7854f9f0 JavaThread "Cache worker for cache directory md-rule (C:\Users\berti\.gradle\caches\8.9\md-rule)"        [_thread_blocked, id=42532, stack(0x000000ca40800000,0x000000ca40900000) (1024K)]
  0x0000023b78555c60 JavaThread "Cache worker for cache directory md-supplier (C:\Users\berti\.gradle\caches\8.9\md-supplier)"        [_thread_blocked, id=40476, stack(0x000000ca40900000,0x000000ca40a00000) (1024K)]
  0x0000023b78553500 JavaThread "jar transforms Thread 7"           [_thread_blocked, id=43184, stack(0x000000ca40b00000,0x000000ca40c00000) (1024K)]
=>0x0000023b73681f10 JavaThread "C2 CompilerThread1"         daemon [_thread_in_native, id=43764, stack(0x000000ca40e00000,0x000000ca40f00000) (1024K)]
  0x0000023b73684120 JavaThread "C2 CompilerThread2"         daemon [_thread_in_native, id=43928, stack(0x000000ca41100000,0x000000ca41200000) (1024K)]
  0x0000023b73681170 JavaThread "C1 CompilerThread1"         daemon [_thread_blocked, id=43992, stack(0x000000ca41200000,0x000000ca41300000) (1024K)]
  0x0000023b73683380 JavaThread "C1 CompilerThread2"         daemon [_thread_blocked, id=43996, stack(0x000000ca41300000,0x000000ca41400000) (1024K)]
  0x0000023b73683a50 JavaThread "C1 CompilerThread3"         daemon [_thread_blocked, id=44000, stack(0x000000ca41400000,0x000000ca41500000) (1024K)]
  0x0000023b78554220 JavaThread "Unconstrained build operations"        [_thread_blocked, id=39992, stack(0x000000ca41500000,0x000000ca41600000) (1024K)]
  0x0000023b785562f0 JavaThread "Unconstrained build operations Thread 2"        [_thread_blocked, id=24356, stack(0x000000ca41600000,0x000000ca41700000) (1024K)]
  0x0000023b785555d0 JavaThread "Unconstrained build operations Thread 3"        [_thread_blocked, id=42708, stack(0x000000ca41700000,0x000000ca41800000) (1024K)]
  0x0000023b785548b0 JavaThread "Unconstrained build operations Thread 4"        [_thread_blocked, id=42364, stack(0x000000ca41800000,0x000000ca41900000) (1024K)]
  0x0000023b78554f40 JavaThread "Unconstrained build operations Thread 5"        [_thread_blocked, id=29184, stack(0x000000ca41900000,0x000000ca41a00000) (1024K)]
  0x0000023b78556980 JavaThread "Unconstrained build operations Thread 6"        [_thread_blocked, id=34372, stack(0x000000ca41a00000,0x000000ca41b00000) (1024K)]
  0x0000023b78553b90 JavaThread "Unconstrained build operations Thread 7"        [_thread_blocked, id=41840, stack(0x000000ca41b00000,0x000000ca41c00000) (1024K)]
  0x0000023b753691c0 JavaThread "Unconstrained build operations Thread 8"        [_thread_blocked, id=41836, stack(0x000000ca41c00000,0x000000ca41d00000) (1024K)]
  0x0000023b75366a60 JavaThread "Unconstrained build operations Thread 9"        [_thread_blocked, id=43228, stack(0x000000ca41d00000,0x000000ca41e00000) (1024K)]
  0x0000023b753670f0 JavaThread "Unconstrained build operations Thread 10"        [_thread_blocked, id=42576, stack(0x000000ca41e00000,0x000000ca41f00000) (1024K)]
  0x0000023b75367780 JavaThread "Unconstrained build operations Thread 11"        [_thread_blocked, id=42580, stack(0x000000ca41f00000,0x000000ca42000000) (1024K)]
  0x0000023b7536a570 JavaThread "Unconstrained build operations Thread 12"        [_thread_blocked, id=41344, stack(0x000000ca42000000,0x000000ca42100000) (1024K)]
  0x0000023b75369ee0 JavaThread "Unconstrained build operations Thread 13"        [_thread_blocked, id=32724, stack(0x000000ca42100000,0x000000ca42200000) (1024K)]
  0x0000023b7536b290 JavaThread "Unconstrained build operations Thread 14"        [_thread_blocked, id=43612, stack(0x000000ca42200000,0x000000ca42300000) (1024K)]
  0x0000023b73680aa0 JavaThread "C2 CompilerThread3"         daemon [_thread_in_native, id=24392, stack(0x000000ca42300000,0x000000ca42400000) (1024K)]
  0x0000023b75369850 JavaThread "Unconstrained build operations Thread 15"        [_thread_blocked, id=38224, stack(0x000000ca42400000,0x000000ca42500000) (1024K)]
  0x0000023b753684a0 JavaThread "Unconstrained build operations Thread 16"        [_thread_blocked, id=43292, stack(0x000000ca42500000,0x000000ca42600000) (1024K)]
  0x0000023b75367e10 JavaThread "Unconstrained build operations Thread 17"        [_thread_blocked, id=43060, stack(0x000000ca42600000,0x000000ca42700000) (1024K)]
  0x0000023b7536c640 JavaThread "Unconstrained build operations Thread 18"        [_thread_blocked, id=42072, stack(0x000000ca42700000,0x000000ca42800000) (1024K)]
  0x0000023b7536d360 JavaThread "Unconstrained build operations Thread 19"        [_thread_blocked, id=38332, stack(0x000000ca42800000,0x000000ca42900000) (1024K)]
  0x0000023b7536d9f0 JavaThread "Unconstrained build operations Thread 20"        [_thread_blocked, id=44336, stack(0x000000ca42900000,0x000000ca42a00000) (1024K)]
  0x0000023b7536e080 JavaThread "Unconstrained build operations Thread 21"        [_thread_blocked, id=44340, stack(0x000000ca42a00000,0x000000ca42b00000) (1024K)]
  0x0000023b7536b920 JavaThread "Unconstrained build operations Thread 22"        [_thread_blocked, id=44344, stack(0x000000ca42b00000,0x000000ca42c00000) (1024K)]
  0x0000023b72743ab0 JavaThread "Unconstrained build operations Thread 23"        [_thread_blocked, id=44348, stack(0x000000ca42c00000,0x000000ca42d00000) (1024K)]
  0x0000023b727447d0 JavaThread "Unconstrained build operations Thread 24"        [_thread_blocked, id=44352, stack(0x000000ca42d00000,0x000000ca42e00000) (1024K)]
  0x0000023b727454f0 JavaThread "Unconstrained build operations Thread 25"        [_thread_blocked, id=44356, stack(0x000000ca42e00000,0x000000ca42f00000) (1024K)]
  0x0000023b72742070 JavaThread "Unconstrained build operations Thread 26"        [_thread_new, id=44360, stack(0x0000000000000000,0x0000000000000000) (0B)]
  0x0000023b72746210 JavaThread "Unconstrained build operations Thread 27"        [_thread_new, id=44364, stack(0x0000000000000000,0x0000000000000000) (0B)]
  0x0000023b72742d90 JavaThread "Unconstrained build operations Thread 28"        [_thread_new, id=44368, stack(0x0000000000000000,0x0000000000000000) (0B)]
  0x0000023b727468a0 JavaThread "Unconstrained build operations Thread 29"        [_thread_blocked, id=44372, stack(0x000000ca43200000,0x000000ca43300000) (1024K)]
  0x0000023b72746f30 JavaThread "Unconstrained build operations Thread 30"        [_thread_blocked, id=44376, stack(0x000000ca43300000,0x000000ca43400000) (1024K)]
  0x0000023b727482e0 JavaThread "Unconstrained build operations Thread 31"        [_thread_blocked, id=44380, stack(0x000000ca43400000,0x000000ca43500000) (1024K)]
  0x0000023b72748970 JavaThread "Unconstrained build operations Thread 32"        [_thread_new, id=44384, stack(0x0000000000000000,0x0000000000000000) (0B)]
  0x0000023b73111db0 JavaThread "Unconstrained build operations Thread 33"        [_thread_new, id=44388, stack(0x0000000000000000,0x0000000000000000) (0B)]
  0x0000023b73110370 JavaThread "Unconstrained build operations Thread 34"        [_thread_new, id=44392, stack(0x0000000000000000,0x0000000000000000) (0B)]
  0x0000023b73111090 JavaThread "Unconstrained build operations Thread 35"        [_thread_blocked, id=44396, stack(0x000000ca43800000,0x000000ca43900000) (1024K)]
  0x0000023b73d39990 JavaThread "Unconstrained build operations Thread 36"        [_thread_blocked, id=44400, stack(0x000000ca43900000,0x000000ca43a00000) (1024K)]
  0x0000023b73d3a020 JavaThread "Unconstrained build operations Thread 37"        [_thread_blocked, id=44404, stack(0x000000ca43b00000,0x000000ca43c00000) (1024K)]
  0x0000023b73d3a6b0 JavaThread "Unconstrained build operations Thread 38"        [_thread_blocked, id=44408, stack(0x000000ca43c00000,0x000000ca43d00000) (1024K)]
Total: 85

Other Threads:
  0x0000023b6cdcffa0 VMThread "VM Thread"                           [id=34572, stack(0x000000ca3d800000,0x000000ca3d900000) (1024K)]
  0x0000023b6cdc44f0 WatcherThread "VM Periodic Task Thread"        [id=6332, stack(0x000000ca3d700000,0x000000ca3d800000) (1024K)]
  0x0000023b565d2b90 WorkerThread "GC Thread#0"                     [id=536, stack(0x000000ca3d200000,0x000000ca3d300000) (1024K)]
  0x0000023b6d945ce0 WorkerThread "GC Thread#1"                     [id=19264, stack(0x000000ca3e500000,0x000000ca3e600000) (1024K)]
  0x0000023b6d3d6c70 WorkerThread "GC Thread#2"                     [id=22328, stack(0x000000ca3e600000,0x000000ca3e700000) (1024K)]
  0x0000023b6d72b960 WorkerThread "GC Thread#3"                     [id=24196, stack(0x000000ca3e700000,0x000000ca3e800000) (1024K)]
  0x0000023b6d2d9d60 WorkerThread "GC Thread#4"                     [id=23652, stack(0x000000ca3e800000,0x000000ca3e900000) (1024K)]
  0x0000023b6d2da110 WorkerThread "GC Thread#5"                     [id=2436, stack(0x000000ca3e900000,0x000000ca3ea00000) (1024K)]
  0x0000023b75562370 WorkerThread "GC Thread#6"                     [id=3208, stack(0x000000ca3fc00000,0x000000ca3fd00000) (1024K)]
  0x0000023b75562ad0 WorkerThread "GC Thread#7"                     [id=36996, stack(0x000000ca3fd00000,0x000000ca3fe00000) (1024K)]
  0x0000023b75562720 WorkerThread "GC Thread#8"                     [id=33244, stack(0x000000ca3fe00000,0x000000ca3ff00000) (1024K)]
  0x0000023b75562e80 WorkerThread "GC Thread#9"                     [id=36416, stack(0x000000ca3ff00000,0x000000ca40000000) (1024K)]
  0x0000023b75563d40 WorkerThread "GC Thread#10"                    [id=9068, stack(0x000000ca40000000,0x000000ca40100000) (1024K)]
  0x0000023b75563230 WorkerThread "GC Thread#11"                    [id=13172, stack(0x000000ca40100000,0x000000ca40200000) (1024K)]
  0x0000023b755635e0 WorkerThread "GC Thread#12"                    [id=35912, stack(0x000000ca40200000,0x000000ca40300000) (1024K)]
  0x0000023b75563990 WorkerThread "GC Thread#13"                    [id=3288, stack(0x000000ca40300000,0x000000ca40400000) (1024K)]
  0x0000023b76234330 WorkerThread "GC Thread#14"                    [id=760, stack(0x000000ca40400000,0x000000ca40500000) (1024K)]
  0x0000023b565d9120 ConcurrentGCThread "G1 Main Marker"            [id=26940, stack(0x000000ca3d300000,0x000000ca3d400000) (1024K)]
  0x0000023b565da2e0 WorkerThread "G1 Conc#0"                       [id=28064, stack(0x000000ca3d400000,0x000000ca3d500000) (1024K)]
  0x0000023b762346e0 WorkerThread "G1 Conc#1"                       [id=36596, stack(0x000000ca40500000,0x000000ca40600000) (1024K)]
  0x0000023b76234a90 WorkerThread "G1 Conc#2"                       [id=33048, stack(0x000000ca40600000,0x000000ca40700000) (1024K)]
  0x0000023b76234e40 WorkerThread "G1 Conc#3"                       [id=14900, stack(0x000000ca40700000,0x000000ca40800000) (1024K)]
  0x0000023b6cd096d0 ConcurrentGCThread "G1 Refine#0"               [id=31552, stack(0x000000ca3d500000,0x000000ca3d600000) (1024K)]
  0x0000023b6cd0af10 ConcurrentGCThread "G1 Service"                [id=16880, stack(0x000000ca3d600000,0x000000ca3d700000) (1024K)]
Total: 24

Threads with active compile tasks:
C2 CompilerThread0  46645 10095       4       org.gradle.internal.operations.DefaultBuildOperationListenerManager$1::progress (47 bytes)
C1 CompilerThread0  46646 10120       3       org.gradle.api.internal.initialization.DefaultScriptClassPathResolver$$Lambda/0x0000023b0177c400::isSatisfiedBy (8 bytes)
C2 CompilerThread1  46646 9865       4       org.gradle.api.internal.attributes.DefaultImmutableAttributesFactory::concat (46 bytes)
C2 CompilerThread2  46646 9946       4       org.gradle.api.internal.artifacts.ivyservice.resolveengine.result.DesugaredAttributeContainerSerializer::read (155 bytes)
C2 CompilerThread3  46646 10044   !   4       org.gradle.api.internal.attributes.DefaultImmutableAttributesFactory::doConcatIsolatable (128 bytes)
Total: 5

VM state: not at safepoint (normal execution)

VM Mutex/Monitor currently owned by a thread:  ([mutex/lock_event])
[0x00007ff9d0eae0b0] MethodCompileQueue_lock - owner thread: 0x0000000000000000

Heap address: 0x00000000e0000000, size: 512 MB, Compressed Oops mode: 32-bit

CDS archive(s) mapped at: [0x0000023b00000000-0x0000023b00ba0000-0x0000023b00ba0000), size 12189696, SharedBaseAddress: 0x0000023b00000000, ArchiveRelocationMode: 1.
Compressed class space mapped at: 0x0000023b01000000-0x0000023b15000000, reserved size: 335544320
Narrow klass base: 0x0000023b00000000, Narrow klass shift: 0, Narrow klass range: 0x100000000

GC Precious Log:
 CardTable entry size: 512
 Card Set container configuration: InlinePtr #cards 5 size 8 Array Of Cards #cards 12 size 40 Howl #buckets 4 coarsen threshold 1843 Howl Bitmap #cards 512 size 80 coarsen threshold 460 Card regions per heap region 1 cards per card region 2048
 CPUs: 20 total, 20 available
 Memory: 32452M
 Large Page Support: Disabled
 NUMA Support: Disabled
 Compressed Oops: Enabled (32-bit)
 Heap Region Size: 1M
 Heap Min Capacity: 256M
 Heap Initial Capacity: 256M
 Heap Max Capacity: 512M
 Pre-touch: Disabled
 Parallel Workers: 15
 Concurrent Workers: 4
 Concurrent Refinement Workers: 15
 Periodic GC: Disabled

Heap:
 garbage-first heap   total 262144K, used 124813K [0x00000000e0000000, 0x0000000100000000)
  region size 1024K, 77 young (78848K), 12 survivors (12288K)
 Metaspace       used 52400K, committed 54144K, reserved 393216K
  class space    used 7363K, committed 8256K, reserved 327680K

Heap Regions: E=young(eden), S=young(survivor), O=old, HS=humongous(starts), HC=humongous(continues), CS=collection set, F=free, TAMS=top-at-mark-start, PB=parsable bottom
|   0|0x00000000e0000000, 0x00000000e0100000, 0x00000000e0100000|100%|HS|  |TAMS 0x00000000e0000000| PB 0x00000000e0000000| Complete 
|   1|0x00000000e0100000, 0x00000000e0200000, 0x00000000e0200000|100%|HC|  |TAMS 0x00000000e0100000| PB 0x00000000e0100000| Complete 
|   2|0x00000000e0200000, 0x00000000e0300000, 0x00000000e0300000|100%|HC|  |TAMS 0x00000000e0200000| PB 0x00000000e0200000| Complete 
|   3|0x00000000e0300000, 0x00000000e0400000, 0x00000000e0400000|100%|HC|  |TAMS 0x00000000e0300000| PB 0x00000000e0300000| Complete 
|   4|0x00000000e0400000, 0x00000000e0500000, 0x00000000e0500000|100%|HS|  |TAMS 0x00000000e0400000| PB 0x00000000e0400000| Complete 
|   5|0x00000000e0500000, 0x00000000e0600000, 0x00000000e0600000|100%| O|  |TAMS 0x00000000e0500000| PB 0x00000000e0500000| Untracked 
|   6|0x00000000e0600000, 0x00000000e0700000, 0x00000000e0700000|100%| O|  |TAMS 0x00000000e0600000| PB 0x00000000e0600000| Untracked 
|   7|0x00000000e0700000, 0x00000000e0800000, 0x00000000e0800000|100%| O|  |TAMS 0x00000000e0700000| PB 0x00000000e0700000| Untracked 
|   8|0x00000000e0800000, 0x00000000e0900000, 0x00000000e0900000|100%| O|  |TAMS 0x00000000e0800000| PB 0x00000000e0800000| Untracked 
|   9|0x00000000e0900000, 0x00000000e0a00000, 0x00000000e0a00000|100%| O|  |TAMS 0x00000000e0900000| PB 0x00000000e0900000| Untracked 
|  10|0x00000000e0a00000, 0x00000000e0b00000, 0x00000000e0b00000|100%| O|  |TAMS 0x00000000e0a00000| PB 0x00000000e0a00000| Untracked 
|  11|0x00000000e0b00000, 0x00000000e0c00000, 0x00000000e0c00000|100%|HS|  |TAMS 0x00000000e0b00000| PB 0x00000000e0b00000| Complete 
|  12|0x00000000e0c00000, 0x00000000e0d00000, 0x00000000e0d00000|100%| O|  |TAMS 0x00000000e0c00000| PB 0x00000000e0c00000| Untracked 
|  13|0x00000000e0d00000, 0x00000000e0e00000, 0x00000000e0e00000|100%| O|  |TAMS 0x00000000e0d00000| PB 0x00000000e0d00000| Untracked 
|  14|0x00000000e0e00000, 0x00000000e0f00000, 0x00000000e0f00000|100%| O|  |TAMS 0x00000000e0e00000| PB 0x00000000e0e00000| Untracked 
|  15|0x00000000e0f00000, 0x00000000e1000000, 0x00000000e1000000|100%| O|  |TAMS 0x00000000e0f00000| PB 0x00000000e0f00000| Untracked 
|  16|0x00000000e1000000, 0x00000000e1100000, 0x00000000e1100000|100%| O|  |TAMS 0x00000000e1000000| PB 0x00000000e1000000| Untracked 
|  17|0x00000000e1100000, 0x00000000e1200000, 0x00000000e1200000|100%| O|  |TAMS 0x00000000e1100000| PB 0x00000000e1100000| Untracked 
|  18|0x00000000e1200000, 0x00000000e1300000, 0x00000000e1300000|100%| O|  |TAMS 0x00000000e1200000| PB 0x00000000e1200000| Untracked 
|  19|0x00000000e1300000, 0x00000000e1400000, 0x00000000e1400000|100%| O|  |TAMS 0x00000000e1300000| PB 0x00000000e1300000| Untracked 
|  20|0x00000000e1400000, 0x00000000e1500000, 0x00000000e1500000|100%| O|  |TAMS 0x00000000e1400000| PB 0x00000000e1400000| Untracked 
|  21|0x00000000e1500000, 0x00000000e1600000, 0x00000000e1600000|100%| O|  |TAMS 0x00000000e1500000| PB 0x00000000e1500000| Untracked 
|  22|0x00000000e1600000, 0x00000000e1700000, 0x00000000e1700000|100%| O|  |TAMS 0x00000000e1600000| PB 0x00000000e1600000| Untracked 
|  23|0x00000000e1700000, 0x00000000e1800000, 0x00000000e1800000|100%| O|  |TAMS 0x00000000e1700000| PB 0x00000000e1700000| Untracked 
|  24|0x00000000e1800000, 0x00000000e1800000, 0x00000000e1900000|  0%| F|  |TAMS 0x00000000e1800000| PB 0x00000000e1800000| Untracked 
|  25|0x00000000e1900000, 0x00000000e1a00000, 0x00000000e1a00000|100%| O|  |TAMS 0x00000000e1900000| PB 0x00000000e1900000| Untracked 
|  26|0x00000000e1a00000, 0x00000000e1b00000, 0x00000000e1b00000|100%|HS|  |TAMS 0x00000000e1a00000| PB 0x00000000e1a00000| Complete 
|  27|0x00000000e1b00000, 0x00000000e1c00000, 0x00000000e1c00000|100%|HS|  |TAMS 0x00000000e1b00000| PB 0x00000000e1b00000| Complete 
|  28|0x00000000e1c00000, 0x00000000e1d00000, 0x00000000e1d00000|100%|HS|  |TAMS 0x00000000e1c00000| PB 0x00000000e1c00000| Complete 
|  29|0x00000000e1d00000, 0x00000000e1d00000, 0x00000000e1e00000|  0%| F|  |TAMS 0x00000000e1d00000| PB 0x00000000e1d00000| Untracked 
|  30|0x00000000e1e00000, 0x00000000e1f00000, 0x00000000e1f00000|100%|HS|  |TAMS 0x00000000e1e00000| PB 0x00000000e1e00000| Complete 
|  31|0x00000000e1f00000, 0x00000000e2000000, 0x00000000e2000000|100%| O|  |TAMS 0x00000000e1f00000| PB 0x00000000e1f00000| Untracked 
|  32|0x00000000e2000000, 0x00000000e2100000, 0x00000000e2100000|100%| O|  |TAMS 0x00000000e2000000| PB 0x00000000e2000000| Untracked 
|  33|0x00000000e2100000, 0x00000000e2200000, 0x00000000e2200000|100%| O|  |TAMS 0x00000000e2100000| PB 0x00000000e2100000| Untracked 
|  34|0x00000000e2200000, 0x00000000e2300000, 0x00000000e2300000|100%| O|  |TAMS 0x00000000e2200000| PB 0x00000000e2200000| Untracked 
|  35|0x00000000e2300000, 0x00000000e2400000, 0x00000000e2400000|100%| O|  |TAMS 0x00000000e2300000| PB 0x00000000e2300000| Untracked 
|  36|0x00000000e2400000, 0x00000000e2500000, 0x00000000e2500000|100%| O|  |TAMS 0x00000000e2400000| PB 0x00000000e2400000| Untracked 
|  37|0x00000000e2500000, 0x00000000e2600000, 0x00000000e2600000|100%| O|  |TAMS 0x00000000e2500000| PB 0x00000000e2500000| Untracked 
|  38|0x00000000e2600000, 0x00000000e2700000, 0x00000000e2700000|100%| O|  |TAMS 0x00000000e2600000| PB 0x00000000e2600000| Untracked 
|  39|0x00000000e2700000, 0x00000000e2800000, 0x00000000e2800000|100%| O|  |TAMS 0x00000000e2700000| PB 0x00000000e2700000| Untracked 
|  40|0x00000000e2800000, 0x00000000e2900000, 0x00000000e2900000|100%| O|  |TAMS 0x00000000e2800000| PB 0x00000000e2800000| Untracked 
|  41|0x00000000e2900000, 0x00000000e2a00000, 0x00000000e2a00000|100%| O|  |TAMS 0x00000000e2900000| PB 0x00000000e2900000| Untracked 
|  42|0x00000000e2a00000, 0x00000000e2b00000, 0x00000000e2b00000|100%| O|  |TAMS 0x00000000e2a00000| PB 0x00000000e2a00000| Untracked 
|  43|0x00000000e2b00000, 0x00000000e2c00000, 0x00000000e2c00000|100%| O|  |TAMS 0x00000000e2b00000| PB 0x00000000e2b00000| Untracked 
|  44|0x00000000e2c00000, 0x00000000e2d00000, 0x00000000e2d00000|100%| O|  |TAMS 0x00000000e2c00000| PB 0x00000000e2c00000| Untracked 
|  45|0x00000000e2d00000, 0x00000000e2e00000, 0x00000000e2e00000|100%| O|  |TAMS 0x00000000e2d00000| PB 0x00000000e2d00000| Untracked 
|  46|0x00000000e2e00000, 0x00000000e2f00000, 0x00000000e2f00000|100%| O|  |TAMS 0x00000000e2e00000| PB 0x00000000e2e00000| Untracked 
|  47|0x00000000e2f00000, 0x00000000e3000000, 0x00000000e3000000|100%| O|  |TAMS 0x00000000e2f00000| PB 0x00000000e2f00000| Untracked 
|  48|0x00000000e3000000, 0x00000000e3081000, 0x00000000e3100000| 50%| O|  |TAMS 0x00000000e3000000| PB 0x00000000e3000000| Untracked 
|  49|0x00000000e3100000, 0x00000000e3100000, 0x00000000e3200000|  0%| F|  |TAMS 0x00000000e3100000| PB 0x00000000e3100000| Untracked 
|  50|0x00000000e3200000, 0x00000000e3200000, 0x00000000e3300000|  0%| F|  |TAMS 0x00000000e3200000| PB 0x00000000e3200000| Untracked 
|  51|0x00000000e3300000, 0x00000000e3300000, 0x00000000e3400000|  0%| F|  |TAMS 0x00000000e3300000| PB 0x00000000e3300000| Untracked 
|  52|0x00000000e3400000, 0x00000000e3400000, 0x00000000e3500000|  0%| F|  |TAMS 0x00000000e3400000| PB 0x00000000e3400000| Untracked 
|  53|0x00000000e3500000, 0x00000000e3500000, 0x00000000e3600000|  0%| F|  |TAMS 0x00000000e3500000| PB 0x00000000e3500000| Untracked 
|  54|0x00000000e3600000, 0x00000000e3600000, 0x00000000e3700000|  0%| F|  |TAMS 0x00000000e3600000| PB 0x00000000e3600000| Untracked 
|  55|0x00000000e3700000, 0x00000000e3700000, 0x00000000e3800000|  0%| F|  |TAMS 0x00000000e3700000| PB 0x00000000e3700000| Untracked 
|  56|0x00000000e3800000, 0x00000000e3800000, 0x00000000e3900000|  0%| F|  |TAMS 0x00000000e3800000| PB 0x00000000e3800000| Untracked 
|  57|0x00000000e3900000, 0x00000000e3900000, 0x00000000e3a00000|  0%| F|  |TAMS 0x00000000e3900000| PB 0x00000000e3900000| Untracked 
|  58|0x00000000e3a00000, 0x00000000e3a00000, 0x00000000e3b00000|  0%| F|  |TAMS 0x00000000e3a00000| PB 0x00000000e3a00000| Untracked 
|  59|0x00000000e3b00000, 0x00000000e3b00000, 0x00000000e3c00000|  0%| F|  |TAMS 0x00000000e3b00000| PB 0x00000000e3b00000| Untracked 
|  60|0x00000000e3c00000, 0x00000000e3c00000, 0x00000000e3d00000|  0%| F|  |TAMS 0x00000000e3c00000| PB 0x00000000e3c00000| Untracked 
|  61|0x00000000e3d00000, 0x00000000e3d00000, 0x00000000e3e00000|  0%| F|  |TAMS 0x00000000e3d00000| PB 0x00000000e3d00000| Untracked 
|  62|0x00000000e3e00000, 0x00000000e3e00000, 0x00000000e3f00000|  0%| F|  |TAMS 0x00000000e3e00000| PB 0x00000000e3e00000| Untracked 
|  63|0x00000000e3f00000, 0x00000000e3f00000, 0x00000000e4000000|  0%| F|  |TAMS 0x00000000e3f00000| PB 0x00000000e3f00000| Untracked 
|  64|0x00000000e4000000, 0x00000000e4000000, 0x00000000e4100000|  0%| F|  |TAMS 0x00000000e4000000| PB 0x00000000e4000000| Untracked 
|  65|0x00000000e4100000, 0x00000000e4100000, 0x00000000e4200000|  0%| F|  |TAMS 0x00000000e4100000| PB 0x00000000e4100000| Untracked 
|  66|0x00000000e4200000, 0x00000000e4200000, 0x00000000e4300000|  0%| F|  |TAMS 0x00000000e4200000| PB 0x00000000e4200000| Untracked 
|  67|0x00000000e4300000, 0x00000000e4300000, 0x00000000e4400000|  0%| F|  |TAMS 0x00000000e4300000| PB 0x00000000e4300000| Untracked 
|  68|0x00000000e4400000, 0x00000000e4400000, 0x00000000e4500000|  0%| F|  |TAMS 0x00000000e4400000| PB 0x00000000e4400000| Untracked 
|  69|0x00000000e4500000, 0x00000000e4500000, 0x00000000e4600000|  0%| F|  |TAMS 0x00000000e4500000| PB 0x00000000e4500000| Untracked 
|  70|0x00000000e4600000, 0x00000000e4600000, 0x00000000e4700000|  0%| F|  |TAMS 0x00000000e4600000| PB 0x00000000e4600000| Untracked 
|  71|0x00000000e4700000, 0x00000000e4700000, 0x00000000e4800000|  0%| F|  |TAMS 0x00000000e4700000| PB 0x00000000e4700000| Untracked 
|  72|0x00000000e4800000, 0x00000000e4800000, 0x00000000e4900000|  0%| F|  |TAMS 0x00000000e4800000| PB 0x00000000e4800000| Untracked 
|  73|0x00000000e4900000, 0x00000000e4900000, 0x00000000e4a00000|  0%| F|  |TAMS 0x00000000e4900000| PB 0x00000000e4900000| Untracked 
|  74|0x00000000e4a00000, 0x00000000e4a00000, 0x00000000e4b00000|  0%| F|  |TAMS 0x00000000e4a00000| PB 0x00000000e4a00000| Untracked 
|  75|0x00000000e4b00000, 0x00000000e4b00000, 0x00000000e4c00000|  0%| F|  |TAMS 0x00000000e4b00000| PB 0x00000000e4b00000| Untracked 
|  76|0x00000000e4c00000, 0x00000000e4c00000, 0x00000000e4d00000|  0%| F|  |TAMS 0x00000000e4c00000| PB 0x00000000e4c00000| Untracked 
|  77|0x00000000e4d00000, 0x00000000e4d00000, 0x00000000e4e00000|  0%| F|  |TAMS 0x00000000e4d00000| PB 0x00000000e4d00000| Untracked 
|  78|0x00000000e4e00000, 0x00000000e4e00000, 0x00000000e4f00000|  0%| F|  |TAMS 0x00000000e4e00000| PB 0x00000000e4e00000| Untracked 
|  79|0x00000000e4f00000, 0x00000000e4f00000, 0x00000000e5000000|  0%| F|  |TAMS 0x00000000e4f00000| PB 0x00000000e4f00000| Untracked 
|  80|0x00000000e5000000, 0x00000000e5000000, 0x00000000e5100000|  0%| F|  |TAMS 0x00000000e5000000| PB 0x00000000e5000000| Untracked 
|  81|0x00000000e5100000, 0x00000000e5100000, 0x00000000e5200000|  0%| F|  |TAMS 0x00000000e5100000| PB 0x00000000e5100000| Untracked 
|  82|0x00000000e5200000, 0x00000000e5200000, 0x00000000e5300000|  0%| F|  |TAMS 0x00000000e5200000| PB 0x00000000e5200000| Untracked 
|  83|0x00000000e5300000, 0x00000000e5300000, 0x00000000e5400000|  0%| F|  |TAMS 0x00000000e5300000| PB 0x00000000e5300000| Untracked 
|  84|0x00000000e5400000, 0x00000000e5400000, 0x00000000e5500000|  0%| F|  |TAMS 0x00000000e5400000| PB 0x00000000e5400000| Untracked 
|  85|0x00000000e5500000, 0x00000000e5500000, 0x00000000e5600000|  0%| F|  |TAMS 0x00000000e5500000| PB 0x00000000e5500000| Untracked 
|  86|0x00000000e5600000, 0x00000000e5600000, 0x00000000e5700000|  0%| F|  |TAMS 0x00000000e5600000| PB 0x00000000e5600000| Untracked 
|  87|0x00000000e5700000, 0x00000000e5700000, 0x00000000e5800000|  0%| F|  |TAMS 0x00000000e5700000| PB 0x00000000e5700000| Untracked 
|  88|0x00000000e5800000, 0x00000000e5800000, 0x00000000e5900000|  0%| F|  |TAMS 0x00000000e5800000| PB 0x00000000e5800000| Untracked 
|  89|0x00000000e5900000, 0x00000000e5900000, 0x00000000e5a00000|  0%| F|  |TAMS 0x00000000e5900000| PB 0x00000000e5900000| Untracked 
|  90|0x00000000e5a00000, 0x00000000e5a00000, 0x00000000e5b00000|  0%| F|  |TAMS 0x00000000e5a00000| PB 0x00000000e5a00000| Untracked 
|  91|0x00000000e5b00000, 0x00000000e5b00000, 0x00000000e5c00000|  0%| F|  |TAMS 0x00000000e5b00000| PB 0x00000000e5b00000| Untracked 
|  92|0x00000000e5c00000, 0x00000000e5c00000, 0x00000000e5d00000|  0%| F|  |TAMS 0x00000000e5c00000| PB 0x00000000e5c00000| Untracked 
|  93|0x00000000e5d00000, 0x00000000e5d00000, 0x00000000e5e00000|  0%| F|  |TAMS 0x00000000e5d00000| PB 0x00000000e5d00000| Untracked 
|  94|0x00000000e5e00000, 0x00000000e5e00000, 0x00000000e5f00000|  0%| F|  |TAMS 0x00000000e5e00000| PB 0x00000000e5e00000| Untracked 
|  95|0x00000000e5f00000, 0x00000000e5f00000, 0x00000000e6000000|  0%| F|  |TAMS 0x00000000e5f00000| PB 0x00000000e5f00000| Untracked 
|  96|0x00000000e6000000, 0x00000000e6000000, 0x00000000e6100000|  0%| F|  |TAMS 0x00000000e6000000| PB 0x00000000e6000000| Untracked 
|  97|0x00000000e6100000, 0x00000000e6100000, 0x00000000e6200000|  0%| F|  |TAMS 0x00000000e6100000| PB 0x00000000e6100000| Untracked 
|  98|0x00000000e6200000, 0x00000000e6200000, 0x00000000e6300000|  0%| F|  |TAMS 0x00000000e6200000| PB 0x00000000e6200000| Untracked 
|  99|0x00000000e6300000, 0x00000000e6300000, 0x00000000e6400000|  0%| F|  |TAMS 0x00000000e6300000| PB 0x00000000e6300000| Untracked 
| 100|0x00000000e6400000, 0x00000000e6400000, 0x00000000e6500000|  0%| F|  |TAMS 0x00000000e6400000| PB 0x00000000e6400000| Untracked 
| 101|0x00000000e6500000, 0x00000000e6500000, 0x00000000e6600000|  0%| F|  |TAMS 0x00000000e6500000| PB 0x00000000e6500000| Untracked 
| 102|0x00000000e6600000, 0x00000000e6600000, 0x00000000e6700000|  0%| F|  |TAMS 0x00000000e6600000| PB 0x00000000e6600000| Untracked 
| 103|0x00000000e6700000, 0x00000000e6700000, 0x00000000e6800000|  0%| F|  |TAMS 0x00000000e6700000| PB 0x00000000e6700000| Untracked 
| 104|0x00000000e6800000, 0x00000000e6800000, 0x00000000e6900000|  0%| F|  |TAMS 0x00000000e6800000| PB 0x00000000e6800000| Untracked 
| 105|0x00000000e6900000, 0x00000000e6900000, 0x00000000e6a00000|  0%| F|  |TAMS 0x00000000e6900000| PB 0x00000000e6900000| Untracked 
| 106|0x00000000e6a00000, 0x00000000e6a00000, 0x00000000e6b00000|  0%| F|  |TAMS 0x00000000e6a00000| PB 0x00000000e6a00000| Untracked 
| 107|0x00000000e6b00000, 0x00000000e6b00000, 0x00000000e6c00000|  0%| F|  |TAMS 0x00000000e6b00000| PB 0x00000000e6b00000| Untracked 
| 108|0x00000000e6c00000, 0x00000000e6c00000, 0x00000000e6d00000|  0%| F|  |TAMS 0x00000000e6c00000| PB 0x00000000e6c00000| Untracked 
| 109|0x00000000e6d00000, 0x00000000e6d00000, 0x00000000e6e00000|  0%| F|  |TAMS 0x00000000e6d00000| PB 0x00000000e6d00000| Untracked 
| 110|0x00000000e6e00000, 0x00000000e6e626c0, 0x00000000e6f00000| 38%| S|CS|TAMS 0x00000000e6e00000| PB 0x00000000e6e00000| Complete 
| 111|0x00000000e6f00000, 0x00000000e7000000, 0x00000000e7000000|100%| S|CS|TAMS 0x00000000e6f00000| PB 0x00000000e6f00000| Complete 
| 112|0x00000000e7000000, 0x00000000e7100000, 0x00000000e7100000|100%| S|CS|TAMS 0x00000000e7000000| PB 0x00000000e7000000| Complete 
| 113|0x00000000e7100000, 0x00000000e7200000, 0x00000000e7200000|100%| S|CS|TAMS 0x00000000e7100000| PB 0x00000000e7100000| Complete 
| 114|0x00000000e7200000, 0x00000000e7300000, 0x00000000e7300000|100%| S|CS|TAMS 0x00000000e7200000| PB 0x00000000e7200000| Complete 
| 115|0x00000000e7300000, 0x00000000e7400000, 0x00000000e7400000|100%| S|CS|TAMS 0x00000000e7300000| PB 0x00000000e7300000| Complete 
| 116|0x00000000e7400000, 0x00000000e7500000, 0x00000000e7500000|100%| S|CS|TAMS 0x00000000e7400000| PB 0x00000000e7400000| Complete 
| 117|0x00000000e7500000, 0x00000000e7600000, 0x00000000e7600000|100%| S|CS|TAMS 0x00000000e7500000| PB 0x00000000e7500000| Complete 
| 118|0x00000000e7600000, 0x00000000e7700000, 0x00000000e7700000|100%| S|CS|TAMS 0x00000000e7600000| PB 0x00000000e7600000| Complete 
| 119|0x00000000e7700000, 0x00000000e7800000, 0x00000000e7800000|100%| S|CS|TAMS 0x00000000e7700000| PB 0x00000000e7700000| Complete 
| 120|0x00000000e7800000, 0x00000000e7900000, 0x00000000e7900000|100%| S|CS|TAMS 0x00000000e7800000| PB 0x00000000e7800000| Complete 
| 121|0x00000000e7900000, 0x00000000e7a00000, 0x00000000e7a00000|100%| S|CS|TAMS 0x00000000e7900000| PB 0x00000000e7900000| Complete 
| 122|0x00000000e7a00000, 0x00000000e7a00000, 0x00000000e7b00000|  0%| F|  |TAMS 0x00000000e7a00000| PB 0x00000000e7a00000| Untracked 
| 123|0x00000000e7b00000, 0x00000000e7b00000, 0x00000000e7c00000|  0%| F|  |TAMS 0x00000000e7b00000| PB 0x00000000e7b00000| Untracked 
| 124|0x00000000e7c00000, 0x00000000e7c00000, 0x00000000e7d00000|  0%| F|  |TAMS 0x00000000e7c00000| PB 0x00000000e7c00000| Untracked 
| 125|0x00000000e7d00000, 0x00000000e7d00000, 0x00000000e7e00000|  0%| F|  |TAMS 0x00000000e7d00000| PB 0x00000000e7d00000| Untracked 
| 126|0x00000000e7e00000, 0x00000000e7e00000, 0x00000000e7f00000|  0%| F|  |TAMS 0x00000000e7e00000| PB 0x00000000e7e00000| Untracked 
| 127|0x00000000e7f00000, 0x00000000e7f00000, 0x00000000e8000000|  0%| F|  |TAMS 0x00000000e7f00000| PB 0x00000000e7f00000| Untracked 
| 128|0x00000000e8000000, 0x00000000e8000000, 0x00000000e8100000|  0%| F|  |TAMS 0x00000000e8000000| PB 0x00000000e8000000| Untracked 
| 129|0x00000000e8100000, 0x00000000e8100000, 0x00000000e8200000|  0%| F|  |TAMS 0x00000000e8100000| PB 0x00000000e8100000| Untracked 
| 130|0x00000000e8200000, 0x00000000e8200000, 0x00000000e8300000|  0%| F|  |TAMS 0x00000000e8200000| PB 0x00000000e8200000| Untracked 
| 131|0x00000000e8300000, 0x00000000e8300000, 0x00000000e8400000|  0%| F|  |TAMS 0x00000000e8300000| PB 0x00000000e8300000| Untracked 
| 132|0x00000000e8400000, 0x00000000e8400000, 0x00000000e8500000|  0%| F|  |TAMS 0x00000000e8400000| PB 0x00000000e8400000| Untracked 
| 133|0x00000000e8500000, 0x00000000e8500000, 0x00000000e8600000|  0%| F|  |TAMS 0x00000000e8500000| PB 0x00000000e8500000| Untracked 
| 134|0x00000000e8600000, 0x00000000e8600000, 0x00000000e8700000|  0%| F|  |TAMS 0x00000000e8600000| PB 0x00000000e8600000| Untracked 
| 135|0x00000000e8700000, 0x00000000e8700000, 0x00000000e8800000|  0%| F|  |TAMS 0x00000000e8700000| PB 0x00000000e8700000| Untracked 
| 136|0x00000000e8800000, 0x00000000e8800000, 0x00000000e8900000|  0%| F|  |TAMS 0x00000000e8800000| PB 0x00000000e8800000| Untracked 
| 137|0x00000000e8900000, 0x00000000e8900000, 0x00000000e8a00000|  0%| F|  |TAMS 0x00000000e8900000| PB 0x00000000e8900000| Untracked 
| 138|0x00000000e8a00000, 0x00000000e8a00000, 0x00000000e8b00000|  0%| F|  |TAMS 0x00000000e8a00000| PB 0x00000000e8a00000| Untracked 
| 139|0x00000000e8b00000, 0x00000000e8b00000, 0x00000000e8c00000|  0%| F|  |TAMS 0x00000000e8b00000| PB 0x00000000e8b00000| Untracked 
| 140|0x00000000e8c00000, 0x00000000e8c00000, 0x00000000e8d00000|  0%| F|  |TAMS 0x00000000e8c00000| PB 0x00000000e8c00000| Untracked 
| 141|0x00000000e8d00000, 0x00000000e8d00000, 0x00000000e8e00000|  0%| F|  |TAMS 0x00000000e8d00000| PB 0x00000000e8d00000| Untracked 
| 142|0x00000000e8e00000, 0x00000000e8e00000, 0x00000000e8f00000|  0%| F|  |TAMS 0x00000000e8e00000| PB 0x00000000e8e00000| Untracked 
| 143|0x00000000e8f00000, 0x00000000e8f00000, 0x00000000e9000000|  0%| F|  |TAMS 0x00000000e8f00000| PB 0x00000000e8f00000| Untracked 
| 144|0x00000000e9000000, 0x00000000e9000000, 0x00000000e9100000|  0%| F|  |TAMS 0x00000000e9000000| PB 0x00000000e9000000| Untracked 
| 145|0x00000000e9100000, 0x00000000e9100000, 0x00000000e9200000|  0%| F|  |TAMS 0x00000000e9100000| PB 0x00000000e9100000| Untracked 
| 146|0x00000000e9200000, 0x00000000e9200000, 0x00000000e9300000|  0%| F|  |TAMS 0x00000000e9200000| PB 0x00000000e9200000| Untracked 
| 147|0x00000000e9300000, 0x00000000e9300000, 0x00000000e9400000|  0%| F|  |TAMS 0x00000000e9300000| PB 0x00000000e9300000| Untracked 
| 148|0x00000000e9400000, 0x00000000e9400000, 0x00000000e9500000|  0%| F|  |TAMS 0x00000000e9400000| PB 0x00000000e9400000| Untracked 
| 149|0x00000000e9500000, 0x00000000e9500000, 0x00000000e9600000|  0%| F|  |TAMS 0x00000000e9500000| PB 0x00000000e9500000| Untracked 
| 150|0x00000000e9600000, 0x00000000e9600000, 0x00000000e9700000|  0%| F|  |TAMS 0x00000000e9600000| PB 0x00000000e9600000| Untracked 
| 151|0x00000000e9700000, 0x00000000e9700000, 0x00000000e9800000|  0%| F|  |TAMS 0x00000000e9700000| PB 0x00000000e9700000| Untracked 
| 152|0x00000000e9800000, 0x00000000e9800000, 0x00000000e9900000|  0%| F|  |TAMS 0x00000000e9800000| PB 0x00000000e9800000| Untracked 
| 153|0x00000000e9900000, 0x00000000e9900000, 0x00000000e9a00000|  0%| F|  |TAMS 0x00000000e9900000| PB 0x00000000e9900000| Untracked 
| 154|0x00000000e9a00000, 0x00000000e9a00000, 0x00000000e9b00000|  0%| F|  |TAMS 0x00000000e9a00000| PB 0x00000000e9a00000| Untracked 
| 155|0x00000000e9b00000, 0x00000000e9b00000, 0x00000000e9c00000|  0%| F|  |TAMS 0x00000000e9b00000| PB 0x00000000e9b00000| Untracked 
| 156|0x00000000e9c00000, 0x00000000e9c00000, 0x00000000e9d00000|  0%| F|  |TAMS 0x00000000e9c00000| PB 0x00000000e9c00000| Untracked 
| 157|0x00000000e9d00000, 0x00000000e9d00000, 0x00000000e9e00000|  0%| F|  |TAMS 0x00000000e9d00000| PB 0x00000000e9d00000| Untracked 
| 158|0x00000000e9e00000, 0x00000000e9e00000, 0x00000000e9f00000|  0%| F|  |TAMS 0x00000000e9e00000| PB 0x00000000e9e00000| Untracked 
| 159|0x00000000e9f00000, 0x00000000e9f00000, 0x00000000ea000000|  0%| F|  |TAMS 0x00000000e9f00000| PB 0x00000000e9f00000| Untracked 
| 160|0x00000000ea000000, 0x00000000ea000000, 0x00000000ea100000|  0%| F|  |TAMS 0x00000000ea000000| PB 0x00000000ea000000| Untracked 
| 161|0x00000000ea100000, 0x00000000ea100000, 0x00000000ea200000|  0%| F|  |TAMS 0x00000000ea100000| PB 0x00000000ea100000| Untracked 
| 162|0x00000000ea200000, 0x00000000ea200000, 0x00000000ea300000|  0%| F|  |TAMS 0x00000000ea200000| PB 0x00000000ea200000| Untracked 
| 163|0x00000000ea300000, 0x00000000ea300000, 0x00000000ea400000|  0%| F|  |TAMS 0x00000000ea300000| PB 0x00000000ea300000| Untracked 
| 164|0x00000000ea400000, 0x00000000ea400000, 0x00000000ea500000|  0%| F|  |TAMS 0x00000000ea400000| PB 0x00000000ea400000| Untracked 
| 165|0x00000000ea500000, 0x00000000ea500000, 0x00000000ea600000|  0%| F|  |TAMS 0x00000000ea500000| PB 0x00000000ea500000| Untracked 
| 166|0x00000000ea600000, 0x00000000ea600000, 0x00000000ea700000|  0%| F|  |TAMS 0x00000000ea600000| PB 0x00000000ea600000| Untracked 
| 167|0x00000000ea700000, 0x00000000ea700000, 0x00000000ea800000|  0%| F|  |TAMS 0x00000000ea700000| PB 0x00000000ea700000| Untracked 
| 168|0x00000000ea800000, 0x00000000ea800000, 0x00000000ea900000|  0%| F|  |TAMS 0x00000000ea800000| PB 0x00000000ea800000| Untracked 
| 169|0x00000000ea900000, 0x00000000ea900000, 0x00000000eaa00000|  0%| F|  |TAMS 0x00000000ea900000| PB 0x00000000ea900000| Untracked 
| 170|0x00000000eaa00000, 0x00000000eaa00000, 0x00000000eab00000|  0%| F|  |TAMS 0x00000000eaa00000| PB 0x00000000eaa00000| Untracked 
| 171|0x00000000eab00000, 0x00000000eab00000, 0x00000000eac00000|  0%| F|  |TAMS 0x00000000eab00000| PB 0x00000000eab00000| Untracked 
| 172|0x00000000eac00000, 0x00000000eac00000, 0x00000000ead00000|  0%| F|  |TAMS 0x00000000eac00000| PB 0x00000000eac00000| Untracked 
| 173|0x00000000ead00000, 0x00000000ead00000, 0x00000000eae00000|  0%| F|  |TAMS 0x00000000ead00000| PB 0x00000000ead00000| Untracked 
| 174|0x00000000eae00000, 0x00000000eae00000, 0x00000000eaf00000|  0%| F|  |TAMS 0x00000000eae00000| PB 0x00000000eae00000| Untracked 
| 175|0x00000000eaf00000, 0x00000000eaf00000, 0x00000000eb000000|  0%| F|  |TAMS 0x00000000eaf00000| PB 0x00000000eaf00000| Untracked 
| 176|0x00000000eb000000, 0x00000000eb000000, 0x00000000eb100000|  0%| F|  |TAMS 0x00000000eb000000| PB 0x00000000eb000000| Untracked 
| 177|0x00000000eb100000, 0x00000000eb100000, 0x00000000eb200000|  0%| F|  |TAMS 0x00000000eb100000| PB 0x00000000eb100000| Untracked 
| 178|0x00000000eb200000, 0x00000000eb200000, 0x00000000eb300000|  0%| F|  |TAMS 0x00000000eb200000| PB 0x00000000eb200000| Untracked 
| 179|0x00000000eb300000, 0x00000000eb300000, 0x00000000eb400000|  0%| F|  |TAMS 0x00000000eb300000| PB 0x00000000eb300000| Untracked 
| 180|0x00000000eb400000, 0x00000000eb400000, 0x00000000eb500000|  0%| F|  |TAMS 0x00000000eb400000| PB 0x00000000eb400000| Untracked 
| 181|0x00000000eb500000, 0x00000000eb500000, 0x00000000eb600000|  0%| F|  |TAMS 0x00000000eb500000| PB 0x00000000eb500000| Untracked 
| 182|0x00000000eb600000, 0x00000000eb600000, 0x00000000eb700000|  0%| F|  |TAMS 0x00000000eb600000| PB 0x00000000eb600000| Untracked 
| 183|0x00000000eb700000, 0x00000000eb700000, 0x00000000eb800000|  0%| F|  |TAMS 0x00000000eb700000| PB 0x00000000eb700000| Untracked 
| 184|0x00000000eb800000, 0x00000000eb800000, 0x00000000eb900000|  0%| F|  |TAMS 0x00000000eb800000| PB 0x00000000eb800000| Untracked 
| 185|0x00000000eb900000, 0x00000000eb900000, 0x00000000eba00000|  0%| F|  |TAMS 0x00000000eb900000| PB 0x00000000eb900000| Untracked 
| 186|0x00000000eba00000, 0x00000000eba00000, 0x00000000ebb00000|  0%| F|  |TAMS 0x00000000eba00000| PB 0x00000000eba00000| Untracked 
| 187|0x00000000ebb00000, 0x00000000ebb00000, 0x00000000ebc00000|  0%| F|  |TAMS 0x00000000ebb00000| PB 0x00000000ebb00000| Untracked 
| 188|0x00000000ebc00000, 0x00000000ebc00000, 0x00000000ebd00000|  0%| F|  |TAMS 0x00000000ebc00000| PB 0x00000000ebc00000| Untracked 
| 189|0x00000000ebd00000, 0x00000000ebd00000, 0x00000000ebe00000|  0%| F|  |TAMS 0x00000000ebd00000| PB 0x00000000ebd00000| Untracked 
| 190|0x00000000ebe00000, 0x00000000ebe00000, 0x00000000ebf00000|  0%| F|  |TAMS 0x00000000ebe00000| PB 0x00000000ebe00000| Untracked 
| 191|0x00000000ebf00000, 0x00000000ec000000, 0x00000000ec000000|100%| E|  |TAMS 0x00000000ebf00000| PB 0x00000000ebf00000| Complete 
| 192|0x00000000ec000000, 0x00000000ec100000, 0x00000000ec100000|100%| E|CS|TAMS 0x00000000ec000000| PB 0x00000000ec000000| Complete 
| 193|0x00000000ec100000, 0x00000000ec200000, 0x00000000ec200000|100%| E|CS|TAMS 0x00000000ec100000| PB 0x00000000ec100000| Complete 
| 194|0x00000000ec200000, 0x00000000ec300000, 0x00000000ec300000|100%| E|CS|TAMS 0x00000000ec200000| PB 0x00000000ec200000| Complete 
| 195|0x00000000ec300000, 0x00000000ec400000, 0x00000000ec400000|100%| E|CS|TAMS 0x00000000ec300000| PB 0x00000000ec300000| Complete 
| 196|0x00000000ec400000, 0x00000000ec500000, 0x00000000ec500000|100%| E|CS|TAMS 0x00000000ec400000| PB 0x00000000ec400000| Complete 
| 197|0x00000000ec500000, 0x00000000ec600000, 0x00000000ec600000|100%| E|CS|TAMS 0x00000000ec500000| PB 0x00000000ec500000| Complete 
| 198|0x00000000ec600000, 0x00000000ec700000, 0x00000000ec700000|100%| E|CS|TAMS 0x00000000ec600000| PB 0x00000000ec600000| Complete 
| 199|0x00000000ec700000, 0x00000000ec800000, 0x00000000ec800000|100%| E|CS|TAMS 0x00000000ec700000| PB 0x00000000ec700000| Complete 
| 200|0x00000000ec800000, 0x00000000ec900000, 0x00000000ec900000|100%| E|CS|TAMS 0x00000000ec800000| PB 0x00000000ec800000| Complete 
| 201|0x00000000ec900000, 0x00000000eca00000, 0x00000000eca00000|100%| E|CS|TAMS 0x00000000ec900000| PB 0x00000000ec900000| Complete 
| 202|0x00000000eca00000, 0x00000000ecb00000, 0x00000000ecb00000|100%| E|CS|TAMS 0x00000000eca00000| PB 0x00000000eca00000| Complete 
| 203|0x00000000ecb00000, 0x00000000ecc00000, 0x00000000ecc00000|100%| E|CS|TAMS 0x00000000ecb00000| PB 0x00000000ecb00000| Complete 
| 204|0x00000000ecc00000, 0x00000000ecd00000, 0x00000000ecd00000|100%| E|CS|TAMS 0x00000000ecc00000| PB 0x00000000ecc00000| Complete 
| 205|0x00000000ecd00000, 0x00000000ece00000, 0x00000000ece00000|100%| E|CS|TAMS 0x00000000ecd00000| PB 0x00000000ecd00000| Complete 
| 206|0x00000000ece00000, 0x00000000ecf00000, 0x00000000ecf00000|100%| E|CS|TAMS 0x00000000ece00000| PB 0x00000000ece00000| Complete 
| 207|0x00000000ecf00000, 0x00000000ed000000, 0x00000000ed000000|100%| E|CS|TAMS 0x00000000ecf00000| PB 0x00000000ecf00000| Complete 
| 208|0x00000000ed000000, 0x00000000ed100000, 0x00000000ed100000|100%| E|CS|TAMS 0x00000000ed000000| PB 0x00000000ed000000| Complete 
| 209|0x00000000ed100000, 0x00000000ed200000, 0x00000000ed200000|100%| E|CS|TAMS 0x00000000ed100000| PB 0x00000000ed100000| Complete 
| 210|0x00000000ed200000, 0x00000000ed300000, 0x00000000ed300000|100%| E|CS|TAMS 0x00000000ed200000| PB 0x00000000ed200000| Complete 
| 211|0x00000000ed300000, 0x00000000ed400000, 0x00000000ed400000|100%| E|CS|TAMS 0x00000000ed300000| PB 0x00000000ed300000| Complete 
| 212|0x00000000ed400000, 0x00000000ed500000, 0x00000000ed500000|100%| E|CS|TAMS 0x00000000ed400000| PB 0x00000000ed400000| Complete 
| 213|0x00000000ed500000, 0x00000000ed600000, 0x00000000ed600000|100%| E|CS|TAMS 0x00000000ed500000| PB 0x00000000ed500000| Complete 
| 214|0x00000000ed600000, 0x00000000ed700000, 0x00000000ed700000|100%| E|CS|TAMS 0x00000000ed600000| PB 0x00000000ed600000| Complete 
| 215|0x00000000ed700000, 0x00000000ed800000, 0x00000000ed800000|100%| E|CS|TAMS 0x00000000ed700000| PB 0x00000000ed700000| Complete 
| 216|0x00000000ed800000, 0x00000000ed900000, 0x00000000ed900000|100%| E|CS|TAMS 0x00000000ed800000| PB 0x00000000ed800000| Complete 
| 217|0x00000000ed900000, 0x00000000eda00000, 0x00000000eda00000|100%| E|CS|TAMS 0x00000000ed900000| PB 0x00000000ed900000| Complete 
| 218|0x00000000eda00000, 0x00000000edb00000, 0x00000000edb00000|100%| E|CS|TAMS 0x00000000eda00000| PB 0x00000000eda00000| Complete 
| 219|0x00000000edb00000, 0x00000000edc00000, 0x00000000edc00000|100%| E|CS|TAMS 0x00000000edb00000| PB 0x00000000edb00000| Complete 
| 220|0x00000000edc00000, 0x00000000edd00000, 0x00000000edd00000|100%| E|CS|TAMS 0x00000000edc00000| PB 0x00000000edc00000| Complete 
| 221|0x00000000edd00000, 0x00000000ede00000, 0x00000000ede00000|100%| E|CS|TAMS 0x00000000edd00000| PB 0x00000000edd00000| Complete 
| 222|0x00000000ede00000, 0x00000000edf00000, 0x00000000edf00000|100%| E|CS|TAMS 0x00000000ede00000| PB 0x00000000ede00000| Complete 
| 223|0x00000000edf00000, 0x00000000ee000000, 0x00000000ee000000|100%| E|CS|TAMS 0x00000000edf00000| PB 0x00000000edf00000| Complete 
| 224|0x00000000ee000000, 0x00000000ee100000, 0x00000000ee100000|100%| E|CS|TAMS 0x00000000ee000000| PB 0x00000000ee000000| Complete 
| 225|0x00000000ee100000, 0x00000000ee200000, 0x00000000ee200000|100%| E|CS|TAMS 0x00000000ee100000| PB 0x00000000ee100000| Complete 
| 226|0x00000000ee200000, 0x00000000ee300000, 0x00000000ee300000|100%| E|CS|TAMS 0x00000000ee200000| PB 0x00000000ee200000| Complete 
| 227|0x00000000ee300000, 0x00000000ee400000, 0x00000000ee400000|100%| E|CS|TAMS 0x00000000ee300000| PB 0x00000000ee300000| Complete 
| 228|0x00000000ee400000, 0x00000000ee500000, 0x00000000ee500000|100%| E|CS|TAMS 0x00000000ee400000| PB 0x00000000ee400000| Complete 
| 229|0x00000000ee500000, 0x00000000ee600000, 0x00000000ee600000|100%| E|CS|TAMS 0x00000000ee500000| PB 0x00000000ee500000| Complete 
| 230|0x00000000ee600000, 0x00000000ee700000, 0x00000000ee700000|100%| E|CS|TAMS 0x00000000ee600000| PB 0x00000000ee600000| Complete 
| 231|0x00000000ee700000, 0x00000000ee800000, 0x00000000ee800000|100%| E|CS|TAMS 0x00000000ee700000| PB 0x00000000ee700000| Complete 
| 232|0x00000000ee800000, 0x00000000ee900000, 0x00000000ee900000|100%| E|CS|TAMS 0x00000000ee800000| PB 0x00000000ee800000| Complete 
| 233|0x00000000ee900000, 0x00000000eea00000, 0x00000000eea00000|100%| E|CS|TAMS 0x00000000ee900000| PB 0x00000000ee900000| Complete 
| 234|0x00000000eea00000, 0x00000000eeb00000, 0x00000000eeb00000|100%| E|CS|TAMS 0x00000000eea00000| PB 0x00000000eea00000| Complete 
| 235|0x00000000eeb00000, 0x00000000eec00000, 0x00000000eec00000|100%| E|CS|TAMS 0x00000000eeb00000| PB 0x00000000eeb00000| Complete 
| 236|0x00000000eec00000, 0x00000000eed00000, 0x00000000eed00000|100%| E|CS|TAMS 0x00000000eec00000| PB 0x00000000eec00000| Complete 
| 237|0x00000000eed00000, 0x00000000eee00000, 0x00000000eee00000|100%| E|CS|TAMS 0x00000000eed00000| PB 0x00000000eed00000| Complete 
| 238|0x00000000eee00000, 0x00000000eef00000, 0x00000000eef00000|100%| E|CS|TAMS 0x00000000eee00000| PB 0x00000000eee00000| Complete 
| 239|0x00000000eef00000, 0x00000000ef000000, 0x00000000ef000000|100%| E|CS|TAMS 0x00000000eef00000| PB 0x00000000eef00000| Complete 
| 240|0x00000000ef000000, 0x00000000ef100000, 0x00000000ef100000|100%| E|CS|TAMS 0x00000000ef000000| PB 0x00000000ef000000| Complete 
| 241|0x00000000ef100000, 0x00000000ef200000, 0x00000000ef200000|100%| E|CS|TAMS 0x00000000ef100000| PB 0x00000000ef100000| Complete 
| 242|0x00000000ef200000, 0x00000000ef300000, 0x00000000ef300000|100%| E|CS|TAMS 0x00000000ef200000| PB 0x00000000ef200000| Complete 
| 243|0x00000000ef300000, 0x00000000ef400000, 0x00000000ef400000|100%| E|CS|TAMS 0x00000000ef300000| PB 0x00000000ef300000| Complete 
| 244|0x00000000ef400000, 0x00000000ef500000, 0x00000000ef500000|100%| E|CS|TAMS 0x00000000ef400000| PB 0x00000000ef400000| Complete 
| 245|0x00000000ef500000, 0x00000000ef600000, 0x00000000ef600000|100%| E|CS|TAMS 0x00000000ef500000| PB 0x00000000ef500000| Complete 
| 246|0x00000000ef600000, 0x00000000ef700000, 0x00000000ef700000|100%| E|CS|TAMS 0x00000000ef600000| PB 0x00000000ef600000| Complete 
| 247|0x00000000ef700000, 0x00000000ef800000, 0x00000000ef800000|100%| E|CS|TAMS 0x00000000ef700000| PB 0x00000000ef700000| Complete 
| 248|0x00000000ef800000, 0x00000000ef900000, 0x00000000ef900000|100%| E|CS|TAMS 0x00000000ef800000| PB 0x00000000ef800000| Complete 
| 249|0x00000000ef900000, 0x00000000efa00000, 0x00000000efa00000|100%| E|CS|TAMS 0x00000000ef900000| PB 0x00000000ef900000| Complete 
| 250|0x00000000efa00000, 0x00000000efb00000, 0x00000000efb00000|100%| E|CS|TAMS 0x00000000efa00000| PB 0x00000000efa00000| Complete 
| 251|0x00000000efb00000, 0x00000000efc00000, 0x00000000efc00000|100%| E|CS|TAMS 0x00000000efb00000| PB 0x00000000efb00000| Complete 
| 252|0x00000000efc00000, 0x00000000efd00000, 0x00000000efd00000|100%| E|CS|TAMS 0x00000000efc00000| PB 0x00000000efc00000| Complete 
| 253|0x00000000efd00000, 0x00000000efe00000, 0x00000000efe00000|100%| E|CS|TAMS 0x00000000efd00000| PB 0x00000000efd00000| Complete 
| 254|0x00000000efe00000, 0x00000000eff00000, 0x00000000eff00000|100%| E|CS|TAMS 0x00000000efe00000| PB 0x00000000efe00000| Complete 
| 255|0x00000000eff00000, 0x00000000f0000000, 0x00000000f0000000|100%| E|CS|TAMS 0x00000000eff00000| PB 0x00000000eff00000| Complete 

Card table byte_map: [0x0000023b69350000,0x0000023b69450000] _byte_map_base: 0x0000023b68c50000

Marking Bits: (CMBitMap*) 0x0000023b565d39c0
 Bits: [0x0000023b69450000, 0x0000023b69c50000)

Polling page: 0x0000023b54130000

Metaspace:

Usage:
  Non-class:     43.98 MB used.
      Class:      7.19 MB used.
       Both:     51.17 MB used.

Virtual space:
  Non-class space:       64.00 MB reserved,      44.81 MB ( 70%) committed,  1 nodes.
      Class space:      320.00 MB reserved,       8.06 MB (  3%) committed,  1 nodes.
             Both:      384.00 MB reserved,      52.88 MB ( 14%) committed. 

Chunk freelists:
   Non-Class:  3.19 MB
       Class:  7.84 MB
        Both:  11.02 MB

MaxMetaspaceSize: 384.00 MB
CompressedClassSpaceSize: 320.00 MB
Initial GC threshold: 21.00 MB
Current GC threshold: 59.69 MB
CDS: on
 - commit_granule_bytes: 65536.
 - commit_granule_words: 8192.
 - virtual_space_node_default_size: 8388608.
 - enlarge_chunks_in_place: 1.
 - use_allocation_guard: 0.


Internal statistics:

num_allocs_failed_limit: 12.
num_arena_births: 3076.
num_arena_deaths: 0.
num_vsnodes_births: 2.
num_vsnodes_deaths: 0.
num_space_committed: 846.
num_space_uncommitted: 0.
num_chunks_returned_to_freelist: 12.
num_chunks_taken_from_freelist: 5625.
num_chunk_merges: 9.
num_chunk_splits: 3597.
num_chunks_enlarged: 2149.
num_inconsistent_stats: 0.

CodeHeap 'non-profiled nmethods': size=119168Kb used=5383Kb max_used=5383Kb free=113784Kb
 bounds [0x0000023b61340000, 0x0000023b61890000, 0x0000023b687a0000]
CodeHeap 'profiled nmethods': size=119104Kb used=18925Kb max_used=18925Kb free=100178Kb
 bounds [0x0000023b597a0000, 0x0000023b5aa20000, 0x0000023b60bf0000]
CodeHeap 'non-nmethods': size=7488Kb used=4294Kb max_used=4349Kb free=3194Kb
 bounds [0x0000023b60bf0000, 0x0000023b61040000, 0x0000023b61340000]
CodeCache: size=245760Kb, used=28602Kb, max_used=28657Kb, free=217156Kb
 total_blobs=10455, nmethods=9582, adapters=774, full_count=0
Compilation: enabled, stopped_count=0, restarted_count=0

Compilation events (20 events):
Event: 45.111 Thread 0x0000023b73681170 nmethod 10043 0x0000023b6187ac90 code [0x0000023b6187ae20, 0x0000023b6187aee8]
Event: 45.115 Thread 0x0000023b73680aa0 10044   !   4       org.gradle.api.internal.attributes.DefaultImmutableAttributesFactory::doConcatIsolatable (128 bytes)
Event: 45.115 Thread 0x0000023b6cdf5630 10045       1       org.gradle.api.internal.artifacts.transform.DefaultTransformRegistrationFactory$DefaultTransformRegistration::getFrom (5 bytes)
Event: 45.115 Thread 0x0000023b6cdf5630 nmethod 10045 0x0000023b6187af90 code [0x0000023b6187b120, 0x0000023b6187b1e8]
Event: 45.116 Thread 0x0000023b6cdf5630 10046       3       org.gradle.internal.collections.ImmutableFilteredList::size (8 bytes)
Event: 45.116 Thread 0x0000023b6cdf5630 nmethod 10046 0x0000023b5a9ebe90 code [0x0000023b5a9ec040, 0x0000023b5a9ec198]
Event: 45.130 Thread 0x0000023b73683a50 10048       3       org.gradle.api.internal.artifacts.transform.ConsumerProvidedVariantFinder$CachingAttributeMatcher$CacheKey::equals (63 bytes)
Event: 45.131 Thread 0x0000023b73683a50 nmethod 10048 0x0000023b5a9ec290 code [0x0000023b5a9ec480, 0x0000023b5a9eca00]
Event: 45.134 Thread 0x0000023b6cdf5630 10049       3       org.gradle.api.internal.initialization.DefaultScriptClassPathResolver$$Lambda/0x0000023b0177f9d0::isSatisfiedBy (8 bytes)
Event: 45.134 Thread 0x0000023b73683a50 10050       3       org.gradle.api.internal.initialization.DefaultScriptClassPathResolver::lambda$getAnalysisResult$3 (13 bytes)
Event: 45.134 Thread 0x0000023b6cdf5630 nmethod 10049 0x0000023b5a9ecb90 code [0x0000023b5a9ecd80, 0x0000023b5a9ed3d8]
Event: 45.135 Thread 0x0000023b73683a50 nmethod 10050 0x0000023b5a9ed590 code [0x0000023b5a9ed780, 0x0000023b5a9edc50]
Event: 45.139 Thread 0x0000023b73683a50 10052       1       org.gradle.internal.operations.OperationIdentifier::getId (5 bytes)
Event: 45.139 Thread 0x0000023b73683a50 nmethod 10052 0x0000023b6187b290 code [0x0000023b6187b420, 0x0000023b6187b4e8]
Event: 45.144 Thread 0x0000023b73681170 10053       3       java.util.BitSet::ensureCapacity (39 bytes)
Event: 45.145 Thread 0x0000023b73681170 nmethod 10053 0x0000023b5a9edd90 code [0x0000023b5a9edf40, 0x0000023b5a9ee1c0]
Event: 45.148 Thread 0x0000023b6cdf5630 10054       3       java.util.BitSet::initWords (15 bytes)
Event: 45.152 Thread 0x0000023b73683380 10055       3       org.gradle.api.internal.artifacts.ivyservice.resolveengine.artifact.ArtifactVisitorToResolvedFileVisitorAdapter::prepareForVisit (11 bytes)
Event: 45.158 Thread 0x0000023b73681170 10056       3       org.gradle.api.internal.artifacts.ivyservice.ResolvedFileCollectionVisitor::prepareForVisit (11 bytes)
Event: 45.158 Thread 0x0000023b73683a50 10057       3       org.gradle.api.internal.file.FileCollectionStructureVisitor::prepareForVisit (4 bytes)

GC Heap History (18 events):
Event: 1.356 GC heap before
{Heap before GC invocations=0 (full 0):
 garbage-first heap   total 262144K, used 26624K [0x00000000e0000000, 0x0000000100000000)
  region size 1024K, 23 young (23552K), 0 survivors (0K)
 Metaspace       used 1133K, committed 1280K, reserved 393216K
  class space    used 80K, committed 128K, reserved 327680K
}
Event: 1.372 GC heap after
{Heap after GC invocations=1 (full 0):
 garbage-first heap   total 262144K, used 11036K [0x00000000e0000000, 0x0000000100000000)
  region size 1024K, 3 young (3072K), 3 survivors (3072K)
 Metaspace       used 1133K, committed 1280K, reserved 393216K
  class space    used 80K, committed 128K, reserved 327680K
}
Event: 3.293 GC heap before
{Heap before GC invocations=1 (full 0):
 garbage-first heap   total 262144K, used 41756K [0x00000000e0000000, 0x0000000100000000)
  region size 1024K, 33 young (33792K), 3 survivors (3072K)
 Metaspace       used 4378K, committed 4544K, reserved 393216K
  class space    used 547K, committed 640K, reserved 327680K
}
Event: 3.300 GC heap after
{Heap after GC invocations=2 (full 0):
 garbage-first heap   total 262144K, used 12509K [0x00000000e0000000, 0x0000000100000000)
  region size 1024K, 2 young (2048K), 2 survivors (2048K)
 Metaspace       used 4378K, committed 4544K, reserved 393216K
  class space    used 547K, committed 640K, reserved 327680K
}
Event: 11.319 GC heap before
{Heap before GC invocations=2 (full 0):
 garbage-first heap   total 262144K, used 140509K [0x00000000e0000000, 0x0000000100000000)
  region size 1024K, 126 young (129024K), 2 survivors (2048K)
 Metaspace       used 20270K, committed 20928K, reserved 393216K
  class space    used 2957K, committed 3264K, reserved 327680K
}
Event: 11.335 GC heap after
{Heap after GC invocations=3 (full 0):
 garbage-first heap   total 262144K, used 25058K [0x00000000e0000000, 0x0000000100000000)
  region size 1024K, 13 young (13312K), 13 survivors (13312K)
 Metaspace       used 20270K, committed 20928K, reserved 393216K
  class space    used 2957K, committed 3264K, reserved 327680K
}
Event: 11.571 GC heap before
{Heap before GC invocations=3 (full 0):
 garbage-first heap   total 262144K, used 30178K [0x00000000e0000000, 0x0000000100000000)
  region size 1024K, 19 young (19456K), 13 survivors (13312K)
 Metaspace       used 20829K, committed 21504K, reserved 393216K
  class space    used 3048K, committed 3328K, reserved 327680K
}
Event: 11.582 GC heap after
{Heap after GC invocations=4 (full 0):
 garbage-first heap   total 262144K, used 26518K [0x00000000e0000000, 0x0000000100000000)
  region size 1024K, 2 young (2048K), 2 survivors (2048K)
 Metaspace       used 20829K, committed 21504K, reserved 393216K
  class space    used 3048K, committed 3328K, reserved 327680K
}
Event: 16.139 GC heap before
{Heap before GC invocations=5 (full 0):
 garbage-first heap   total 262144K, used 119702K [0x00000000e0000000, 0x0000000100000000)
  region size 1024K, 95 young (97280K), 2 survivors (2048K)
 Metaspace       used 34775K, committed 35968K, reserved 393216K
  class space    used 5124K, committed 5696K, reserved 327680K
}
Event: 16.147 GC heap after
{Heap after GC invocations=6 (full 0):
 garbage-first heap   total 262144K, used 32296K [0x00000000e0000000, 0x0000000100000000)
  region size 1024K, 8 young (8192K), 8 survivors (8192K)
 Metaspace       used 34775K, committed 35968K, reserved 393216K
  class space    used 5124K, committed 5696K, reserved 327680K
}
Event: 16.277 GC heap before
{Heap before GC invocations=6 (full 0):
 garbage-first heap   total 262144K, used 34344K [0x00000000e0000000, 0x0000000100000000)
  region size 1024K, 12 young (12288K), 8 survivors (8192K)
 Metaspace       used 35122K, committed 36288K, reserved 393216K
  class space    used 5187K, committed 5760K, reserved 327680K
}
Event: 16.284 GC heap after
{Heap after GC invocations=7 (full 0):
 garbage-first heap   total 262144K, used 32551K [0x00000000e0000000, 0x0000000100000000)
  region size 1024K, 8 young (8192K), 8 survivors (8192K)
 Metaspace       used 35122K, committed 36288K, reserved 393216K
  class space    used 5187K, committed 5760K, reserved 327680K
}
Event: 16.321 GC heap before
{Heap before GC invocations=7 (full 0):
 garbage-first heap   total 262144K, used 32551K [0x00000000e0000000, 0x0000000100000000)
  region size 1024K, 9 young (9216K), 8 survivors (8192K)
 Metaspace       used 35418K, committed 36608K, reserved 393216K
  class space    used 5196K, committed 5760K, reserved 327680K
}
Event: 16.328 GC heap after
{Heap after GC invocations=8 (full 0):
 garbage-first heap   total 262144K, used 32055K [0x00000000e0000000, 0x0000000100000000)
  region size 1024K, 8 young (8192K), 8 survivors (8192K)
 Metaspace       used 35418K, committed 36608K, reserved 393216K
  class space    used 5196K, committed 5760K, reserved 327680K
}
Event: 24.843 GC heap before
{Heap before GC invocations=9 (full 0):
 garbage-first heap   total 262144K, used 186679K [0x00000000e0000000, 0x0000000100000000)
  region size 1024K, 153 young (156672K), 8 survivors (8192K)
 Metaspace       used 48572K, committed 50240K, reserved 393216K
  class space    used 7006K, committed 7808K, reserved 327680K
}
Event: 24.865 GC heap after
{Heap after GC invocations=10 (full 0):
 garbage-first heap   total 262144K, used 44154K [0x00000000e0000000, 0x0000000100000000)
  region size 1024K, 19 young (19456K), 19 survivors (19456K)
 Metaspace       used 48572K, committed 50240K, reserved 393216K
  class space    used 7006K, committed 7808K, reserved 327680K
}
Event: 30.193 GC heap before
{Heap before GC invocations=10 (full 0):
 garbage-first heap   total 262144K, used 186490K [0x00000000e0000000, 0x0000000100000000)
  region size 1024K, 153 young (156672K), 19 survivors (19456K)
 Metaspace       used 51495K, committed 53312K, reserved 393216K
  class space    used 7338K, committed 8256K, reserved 327680K
}
Event: 30.217 GC heap after
{Heap after GC invocations=11 (full 0):
 garbage-first heap   total 262144K, used 59277K [0x00000000e0000000, 0x0000000100000000)
  region size 1024K, 12 young (12288K), 12 survivors (12288K)
 Metaspace       used 51495K, committed 53312K, reserved 393216K
  class space    used 7338K, committed 8256K, reserved 327680K
}

Dll operation events (20 events):
Event: 0.252 Attempting to load shared library C:\Users\berti\.vscode\extensions\redhat.java-1.56.0-win32-x64\jre\21.0.12.1-win32-x86_64\bin\nio.dll
Event: 0.252 Loaded shared library C:\Users\berti\.vscode\extensions\redhat.java-1.56.0-win32-x64\jre\21.0.12.1-win32-x86_64\bin\nio.dll
Event: 0.257 Attempting to load shared library C:\Users\berti\.vscode\extensions\redhat.java-1.56.0-win32-x64\jre\21.0.12.1-win32-x86_64\bin\zip.dll
Event: 0.257 Loaded shared library C:\Users\berti\.vscode\extensions\redhat.java-1.56.0-win32-x64\jre\21.0.12.1-win32-x86_64\bin\zip.dll
Event: 0.916 Attempting to load shared library C:\Users\berti\.vscode\extensions\redhat.java-1.56.0-win32-x64\jre\21.0.12.1-win32-x86_64\bin\jimage.dll
Event: 0.916 Loaded shared library C:\Users\berti\.vscode\extensions\redhat.java-1.56.0-win32-x64\jre\21.0.12.1-win32-x86_64\bin\jimage.dll
Event: 1.383 Attempting to load shared library C:\Users\berti\.vscode\extensions\redhat.java-1.56.0-win32-x64\jre\21.0.12.1-win32-x86_64\bin\verify.dll
Event: 1.384 Loaded shared library C:\Users\berti\.vscode\extensions\redhat.java-1.56.0-win32-x64\jre\21.0.12.1-win32-x86_64\bin\verify.dll
Event: 1.758 Attempting to load shared library C:\Users\berti\.gradle\native\c067742578af261105cb4f569cf0c3c89f3d7b1fecec35dd04571415982c5e48\windows-amd64\native-platform.dll
Event: 1.759 Loaded shared library C:\Users\berti\.gradle\native\c067742578af261105cb4f569cf0c3c89f3d7b1fecec35dd04571415982c5e48\windows-amd64\native-platform.dll
Event: 1.766 Attempting to load shared library C:\Users\berti\.gradle\native\100fb08df4bc3b14c8652ba06237920a3bd2aa13389f12d3474272988ae205f9\windows-amd64\native-platform-file-events.dll
Event: 1.805 Loaded shared library C:\Users\berti\.gradle\native\100fb08df4bc3b14c8652ba06237920a3bd2aa13389f12d3474272988ae205f9\windows-amd64\native-platform-file-events.dll
Event: 5.173 Attempting to load shared library C:\Users\berti\.vscode\extensions\redhat.java-1.56.0-win32-x64\jre\21.0.12.1-win32-x86_64\bin\management.dll
Event: 5.174 Loaded shared library C:\Users\berti\.vscode\extensions\redhat.java-1.56.0-win32-x64\jre\21.0.12.1-win32-x86_64\bin\management.dll
Event: 5.180 Attempting to load shared library C:\Users\berti\.vscode\extensions\redhat.java-1.56.0-win32-x64\jre\21.0.12.1-win32-x86_64\bin\management_ext.dll
Event: 5.182 Loaded shared library C:\Users\berti\.vscode\extensions\redhat.java-1.56.0-win32-x64\jre\21.0.12.1-win32-x86_64\bin\management_ext.dll
Event: 5.846 Attempting to load shared library C:\Users\berti\.vscode\extensions\redhat.java-1.56.0-win32-x64\jre\21.0.12.1-win32-x86_64\bin\extnet.dll
Event: 5.847 Loaded shared library C:\Users\berti\.vscode\extensions\redhat.java-1.56.0-win32-x64\jre\21.0.12.1-win32-x86_64\bin\extnet.dll
Event: 6.363 Attempting to load shared library C:\Users\berti\.vscode\extensions\redhat.java-1.56.0-win32-x64\jre\21.0.12.1-win32-x86_64\bin\sunmscapi.dll
Event: 6.372 Loaded shared library C:\Users\berti\.vscode\extensions\redhat.java-1.56.0-win32-x64\jre\21.0.12.1-win32-x86_64\bin\sunmscapi.dll

Deoptimization events (20 events):
Event: 44.935 Thread 0x0000023b73111720 Uncommon trap: trap_request=0xffffff45 fr.pc=0x0000023b617224c0 relative=0x00000000000000a0
Event: 44.935 Thread 0x0000023b73111720 Uncommon trap: reason=unstable_if action=reinterpret pc=0x0000023b617224c0 method=java.util.concurrent.locks.LockSupport.unpark(Ljava/lang/Thread;)V @ 1 c2
Event: 44.936 Thread 0x0000023b73111720 DEOPT PACKING pc=0x0000023b617224c0 sp=0x000000ca3f2f78e0
Event: 44.936 Thread 0x0000023b73111720 DEOPT UNPACKING pc=0x0000023b60c44422 sp=0x000000ca3f2f7878 mode 2
Event: 45.090 Thread 0x0000023b73111720 Uncommon trap: trap_request=0xffffffd6 fr.pc=0x0000023b61870a3c relative=0x000000000000117c
Event: 45.090 Thread 0x0000023b73111720 Uncommon trap: reason=array_check action=maybe_recompile pc=0x0000023b61870a3c method=com.google.common.collect.RegularImmutableMap.fromEntryArrayCheckingBucketOverflow(I[Ljava/util/Map$Entry;Z)Lcom/google/common/collect/ImmutableMap; @ 220 c2
Event: 45.090 Thread 0x0000023b73111720 DEOPT PACKING pc=0x0000023b61870a3c sp=0x000000ca3f2f92e0
Event: 45.090 Thread 0x0000023b73111720 DEOPT UNPACKING pc=0x0000023b60c44422 sp=0x000000ca3f2f8fd0 mode 2
Event: 45.090 Thread 0x0000023b73111720 Uncommon trap: trap_request=0xffffffd6 fr.pc=0x0000023b61870a3c relative=0x000000000000117c
Event: 45.090 Thread 0x0000023b73111720 Uncommon trap: reason=array_check action=maybe_recompile pc=0x0000023b61870a3c method=com.google.common.collect.RegularImmutableMap.fromEntryArrayCheckingBucketOverflow(I[Ljava/util/Map$Entry;Z)Lcom/google/common/collect/ImmutableMap; @ 220 c2
Event: 45.090 Thread 0x0000023b73111720 DEOPT PACKING pc=0x0000023b61870a3c sp=0x000000ca3f2f92e0
Event: 45.091 Thread 0x0000023b73111720 DEOPT UNPACKING pc=0x0000023b60c44422 sp=0x000000ca3f2f8fd0 mode 2
Event: 45.091 Thread 0x0000023b73111720 Uncommon trap: trap_request=0xffffffd6 fr.pc=0x0000023b61870a3c relative=0x000000000000117c
Event: 45.091 Thread 0x0000023b73111720 Uncommon trap: reason=array_check action=maybe_recompile pc=0x0000023b61870a3c method=com.google.common.collect.RegularImmutableMap.fromEntryArrayCheckingBucketOverflow(I[Ljava/util/Map$Entry;Z)Lcom/google/common/collect/ImmutableMap; @ 220 c2
Event: 45.091 Thread 0x0000023b73111720 DEOPT PACKING pc=0x0000023b61870a3c sp=0x000000ca3f2f92e0
Event: 45.091 Thread 0x0000023b73111720 DEOPT UNPACKING pc=0x0000023b60c44422 sp=0x000000ca3f2f8fd0 mode 2
Event: 45.091 Thread 0x0000023b73111720 Uncommon trap: trap_request=0xffffffd6 fr.pc=0x0000023b61870a3c relative=0x000000000000117c
Event: 45.091 Thread 0x0000023b73111720 Uncommon trap: reason=array_check action=maybe_recompile pc=0x0000023b61870a3c method=com.google.common.collect.RegularImmutableMap.fromEntryArrayCheckingBucketOverflow(I[Ljava/util/Map$Entry;Z)Lcom/google/common/collect/ImmutableMap; @ 220 c2
Event: 45.091 Thread 0x0000023b73111720 DEOPT PACKING pc=0x0000023b61870a3c sp=0x000000ca3f2f92e0
Event: 45.091 Thread 0x0000023b73111720 DEOPT UNPACKING pc=0x0000023b60c44422 sp=0x000000ca3f2f8fd0 mode 2

Classes loaded (20 events):
Event: 29.591 Loading class java/io/ObjectStreamClass$MemberSignature
Event: 29.591 Loading class java/io/ObjectStreamClass$MemberSignature done
Event: 29.592 Loading class java/io/ObjectStreamClass$3
Event: 29.592 Loading class java/io/ObjectStreamClass$3 done
Event: 29.592 Loading class java/io/ObjectStreamClass$4
Event: 29.594 Loading class java/io/ObjectStreamClass$4 done
Event: 29.596 Loading class java/io/ObjectStreamClass$5
Event: 29.597 Loading class java/io/ObjectStreamClass$5 done
Event: 29.611 Loading class java/net/UrlDeserializedState
Event: 29.612 Loading class java/net/UrlDeserializedState done
Event: 29.613 Loading class java/net/Proxy
Event: 29.614 Loading class java/net/Proxy done
Event: 29.626 Loading class java/util/concurrent/CompletableFuture$AsyncRun
Event: 29.629 Loading class java/util/concurrent/CompletableFuture$AsyncRun done
Event: 35.037 Loading class jdk/internal/math/FormattedFPDecimal
Event: 35.037 Loading class jdk/internal/math/FormattedFPDecimal done
Event: 35.038 Loading class sun/text/resources/cldr/FormatData_en
Event: 35.040 Loading class sun/text/resources/cldr/FormatData_en done
Event: 41.939 Loading class java/util/concurrent/CompletableFuture$Signaller
Event: 41.939 Loading class java/util/concurrent/CompletableFuture$Signaller done

Classes unloaded (0 events):
No events

Classes redefined (0 events):
No events

Internal exceptions (20 events):
Event: 29.603 Thread 0x0000023b726e0900 Exception <a 'java/lang/NoSuchMethodError'{0x00000000e7b48b10}: static Lorg/gradle/internal/classloader/ClassLoaderSpec;.<clinit>()V> (0x00000000e7b48b10) 
thrown [s\src\hotspot\share\prims\jni.cpp, line 1111]
Event: 29.609 Thread 0x0000023b726e0900 Exception <a 'java/lang/NoSuchMethodError'{0x00000000e7b5b9a0}: static Lorg/gradle/internal/classloader/ClassLoaderSpec;.<clinit>()V> (0x00000000e7b5b9a0) 
thrown [s\src\hotspot\share\prims\jni.cpp, line 1111]
Event: 29.611 Thread 0x0000023b726e0900 Exception <a 'java/lang/NoSuchMethodError'{0x00000000e7b67d50}: static Lorg/gradle/internal/classloader/VisitableURLClassLoader$Spec;.<clinit>()V> (0x00000000e7b67d50) 
thrown [s\src\hotspot\share\prims\jni.cpp, line 1111]
Event: 35.374 Thread 0x0000023b73111720 Exception <a 'sun/nio/fs/WindowsException'{0x00000000efbd85f8}> (0x00000000efbd85f8) 
thrown [s\src\hotspot\share\prims\jni.cpp, line 520]
Event: 35.375 Thread 0x0000023b73111720 Exception <a 'sun/nio/fs/WindowsException'{0x00000000efbd9ad8}> (0x00000000efbd9ad8) 
thrown [s\src\hotspot\share\prims\jni.cpp, line 520]
Event: 35.392 Thread 0x0000023b73111720 Exception <a 'sun/nio/fs/WindowsException'{0x00000000efbdafa8}> (0x00000000efbdafa8) 
thrown [s\src\hotspot\share\prims\jni.cpp, line 520]
Event: 35.413 Thread 0x0000023b73111720 Exception <a 'sun/nio/fs/WindowsException'{0x00000000efbdc070}> (0x00000000efbdc070) 
thrown [s\src\hotspot\share\prims\jni.cpp, line 520]
Event: 35.507 Thread 0x0000023b73111720 Exception <a 'java/lang/ClassNotFoundException'{0x00000000ef9c8650}: build_9y1jcc2u981241xanqxlsfrg8BeanInfo> (0x00000000ef9c8650) 
thrown [s\src\hotspot\share\classfile\systemDictionary.cpp, line 313]
Event: 35.508 Thread 0x0000023b73111720 Exception <a 'java/lang/ClassNotFoundException'{0x00000000ef9ceff0}: build_9y1jcc2u981241xanqxlsfrg8Customizer> (0x00000000ef9ceff0) 
thrown [s\src\hotspot\share\classfile\systemDictionary.cpp, line 313]
Event: 35.552 Thread 0x0000023b73111720 Implicit null exception at 0x0000023b6168c5dd to 0x0000023b6168caac
Event: 35.552 Thread 0x0000023b73111720 Implicit null exception at 0x0000023b6168d2df to 0x0000023b6168d79c
Event: 37.232 Thread 0x0000023b73111720 Exception <a 'java/lang/ClassNotFoundException'{0x00000000edf91870}: build_9y1jcc2u981241xanqxlsfrg8BeanInfo> (0x00000000edf91870) 
thrown [s\src\hotspot\share\classfile\systemDictionary.cpp, line 313]
Event: 37.233 Thread 0x0000023b73111720 Exception <a 'java/lang/ClassNotFoundException'{0x00000000edf981a8}: build_9y1jcc2u981241xanqxlsfrg8Customizer> (0x00000000edf981a8) 
thrown [s\src\hotspot\share\classfile\systemDictionary.cpp, line 313]
Event: 43.200 Thread 0x0000023b73111720 Exception <a 'sun/nio/fs/WindowsException'{0x00000000ed8a89a8}> (0x00000000ed8a89a8) 
thrown [s\src\hotspot\share\prims\jni.cpp, line 520]
Event: 43.201 Thread 0x0000023b73111720 Exception <a 'sun/nio/fs/WindowsException'{0x00000000ed8a9e88}> (0x00000000ed8a9e88) 
thrown [s\src\hotspot\share\prims\jni.cpp, line 520]
Event: 43.209 Thread 0x0000023b73111720 Exception <a 'sun/nio/fs/WindowsException'{0x00000000ed8ab358}> (0x00000000ed8ab358) 
thrown [s\src\hotspot\share\prims\jni.cpp, line 520]
Event: 43.209 Thread 0x0000023b73111720 Exception <a 'sun/nio/fs/WindowsException'{0x00000000ed8ac420}> (0x00000000ed8ac420) 
thrown [s\src\hotspot\share\prims\jni.cpp, line 520]
Event: 44.059 Thread 0x0000023b73111720 Exception <a 'java/lang/ClassNotFoundException'{0x00000000ed66a7e0}: build_aaqgwij51446atmb28va96dh4BeanInfo> (0x00000000ed66a7e0) 
thrown [s\src\hotspot\share\classfile\systemDictionary.cpp, line 313]
Event: 44.060 Thread 0x0000023b73111720 Exception <a 'java/lang/ClassNotFoundException'{0x00000000ed671180}: build_aaqgwij51446atmb28va96dh4Customizer> (0x00000000ed671180) 
thrown [s\src\hotspot\share\classfile\systemDictionary.cpp, line 313]
Event: 44.935 Thread 0x0000023b73111720 Implicit null exception at 0x0000023b6172243d to 0x0000023b617224b1

ZGC Phase Switch (0 events):
No events

VM Operations (20 events):
Event: 35.277 Executing safepoint VM operation: Cleanup done
Event: 35.754 Executing safepoint VM operation: ICBufferFull
Event: 35.755 Executing safepoint VM operation: ICBufferFull done
Event: 36.541 Executing non-safepoint VM operation: HandshakeAllThreads (Deoptimize)
Event: 36.676 Executing non-safepoint VM operation: HandshakeAllThreads (Deoptimize) done
Event: 36.994 Executing safepoint VM operation: ICBufferFull
Event: 36.994 Executing safepoint VM operation: ICBufferFull done
Event: 37.327 Executing safepoint VM operation: ICBufferFull
Event: 37.327 Executing safepoint VM operation: ICBufferFull done
Event: 38.342 Executing safepoint VM operation: Cleanup
Event: 38.342 Executing safepoint VM operation: Cleanup done
Event: 41.384 Executing safepoint VM operation: Cleanup
Event: 41.384 Executing safepoint VM operation: Cleanup done
Event: 42.394 Executing safepoint VM operation: Cleanup
Event: 42.394 Executing safepoint VM operation: Cleanup done
Event: 43.409 Executing safepoint VM operation: Cleanup
Event: 44.017 Executing safepoint VM operation: Cleanup done
Event: 44.754 Executing safepoint VM operation: ICBufferFull
Event: 44.754 Executing safepoint VM operation: ICBufferFull done
Event: 45.763 Executing safepoint VM operation: Cleanup

Memory protections (0 events):
No events

Nmethod flushes (20 events):
Event: 16.355 Thread 0x0000023b6cdcffa0 flushing  nmethod 0x0000023b59a31e10
Event: 16.355 Thread 0x0000023b6cdcffa0 flushing  nmethod 0x0000023b59a35610
Event: 16.355 Thread 0x0000023b6cdcffa0 flushing  nmethod 0x0000023b59a69a90
Event: 16.355 Thread 0x0000023b6cdcffa0 flushing  nmethod 0x0000023b59a6a710
Event: 16.355 Thread 0x0000023b6cdcffa0 flushing  nmethod 0x0000023b59a6d710
Event: 16.355 Thread 0x0000023b6cdcffa0 flushing osr nmethod 0x0000023b61393810
Event: 16.355 Thread 0x0000023b6cdcffa0 flushing  nmethod 0x0000023b61398d90
Event: 16.355 Thread 0x0000023b6cdcffa0 flushing  nmethod 0x0000023b59a25690
Event: 16.355 Thread 0x0000023b6cdcffa0 flushing  nmethod 0x0000023b59a28110
Event: 16.355 Thread 0x0000023b6cdcffa0 flushing  nmethod 0x0000023b59abbc10
Event: 16.355 Thread 0x0000023b6cdcffa0 flushing  nmethod 0x0000023b59abe610
Event: 16.355 Thread 0x0000023b6cdcffa0 flushing  nmethod 0x0000023b59ae3490
Event: 16.355 Thread 0x0000023b6cdcffa0 flushing  nmethod 0x0000023b59b11e10
Event: 16.355 Thread 0x0000023b6cdcffa0 flushing  nmethod 0x0000023b59b15710
Event: 16.355 Thread 0x0000023b6cdcffa0 flushing  nmethod 0x0000023b59b5c910
Event: 16.355 Thread 0x0000023b6cdcffa0 flushing  nmethod 0x0000023b59b5cc90
Event: 16.355 Thread 0x0000023b6cdcffa0 flushing  nmethod 0x0000023b59b5d490
Event: 16.355 Thread 0x0000023b6cdcffa0 flushing  nmethod 0x0000023b59b67190
Event: 16.355 Thread 0x0000023b6cdcffa0 flushing  nmethod 0x0000023b59b6b410
Event: 16.355 Thread 0x0000023b6cdcffa0 flushing  nmethod 0x0000023b59b70910

Events (20 events):
Event: 44.908 Thread 0x0000023b73111720 Thread added: 0x0000023b78554220
Event: 44.909 Thread 0x0000023b73111720 Thread added: 0x0000023b785562f0
Event: 44.909 Thread 0x0000023b73111720 Thread added: 0x0000023b785555d0
Event: 44.910 Thread 0x0000023b73111720 Thread added: 0x0000023b785548b0
Event: 44.911 Thread 0x0000023b73111720 Thread added: 0x0000023b78554f40
Event: 44.913 Thread 0x0000023b73111720 Thread added: 0x0000023b78556980
Event: 44.914 Thread 0x0000023b73111720 Thread added: 0x0000023b78553b90
Event: 44.915 Thread 0x0000023b73111720 Thread added: 0x0000023b753691c0
Event: 44.916 Thread 0x0000023b73111720 Thread added: 0x0000023b75366a60
Event: 44.917 Thread 0x0000023b73111720 Thread added: 0x0000023b753670f0
Event: 44.918 Thread 0x0000023b73111720 Thread added: 0x0000023b75367780
Event: 44.919 Thread 0x0000023b73111720 Thread added: 0x0000023b7536a570
Event: 44.920 Thread 0x0000023b73111720 Thread added: 0x0000023b75369ee0
Event: 44.921 Thread 0x0000023b73111720 Thread added: 0x0000023b7536b290
Event: 44.921 Thread 0x0000023b6cdf5630 Thread added: 0x0000023b73680aa0
Event: 44.922 Thread 0x0000023b73111720 Thread added: 0x0000023b75369850
Event: 44.923 Thread 0x0000023b73111720 Thread added: 0x0000023b753684a0
Event: 44.927 Thread 0x0000023b73111720 Thread added: 0x0000023b75367e10
Event: 44.928 Thread 0x0000023b73111720 Thread added: 0x0000023b7536c640
Event: 44.933 Thread 0x0000023b73111720 Thread added: 0x0000023b7536d360


Dynamic libraries:
0x00007ff7e82a0000 - 0x00007ff7e82ae000 	C:\Users\berti\.vscode\extensions\redhat.java-1.56.0-win32-x64\jre\21.0.12.1-win32-x86_64\bin\java.exe
0x00007ffaf14a0000 - 0x00007ffaf1707000 	C:\WINDOWS\SYSTEM32\ntdll.dll
0x00007ffab36a0000 - 0x00007ffab36c1000 	C:\Program Files\AVG\Antivirus\aswhook.dll
0x00007ffaefed0000 - 0x00007ffaeff9b000 	C:\WINDOWS\System32\KERNEL32.DLL
0x00007ffaee6d0000 - 0x00007ffaeead1000 	C:\WINDOWS\System32\KERNELBASE.dll
0x00007ffaeeae0000 - 0x00007ffaeec2c000 	C:\WINDOWS\System32\ucrtbase.dll
0x00007ffa27410000 - 0x00007ffa27428000 	C:\Users\berti\.vscode\extensions\redhat.java-1.56.0-win32-x64\jre\21.0.12.1-win32-x86_64\bin\jli.dll
0x00007ffa26a30000 - 0x00007ffa26a4e000 	C:\Users\berti\.vscode\extensions\redhat.java-1.56.0-win32-x64\jre\21.0.12.1-win32-x86_64\bin\VCRUNTIME140.dll
0x00007ffaefaf0000 - 0x00007ffaefcc7000 	C:\WINDOWS\System32\USER32.dll
0x00007ffaee6a0000 - 0x00007ffaee6c7000 	C:\WINDOWS\System32\win32u.dll
0x00007ffac1590000 - 0x00007ffac1820000 	C:\WINDOWS\WinSxS\amd64_microsoft.windows.common-controls_6595b64144ccf1df_6.0.26100.9549_none_3e0a0396e3330090\COMCTL32.dll
0x00007ffaef970000 - 0x00007ffaef99b000 	C:\WINDOWS\System32\GDI32.dll
0x00007ffaf0840000 - 0x00007ffaf08e9000 	C:\WINDOWS\System32\msvcrt.dll
0x00007ffaef000000 - 0x00007ffaef128000 	C:\WINDOWS\System32\gdi32full.dll
0x00007ffaeec40000 - 0x00007ffaeece3000 	C:\WINDOWS\System32\msvcp_win.dll
0x00007ffaf00c0000 - 0x00007ffaf00f1000 	C:\WINDOWS\System32\IMM32.DLL
0x00007ffac00a0000 - 0x00007ffac00ac000 	C:\Users\berti\.vscode\extensions\redhat.java-1.56.0-win32-x64\jre\21.0.12.1-win32-x86_64\bin\vcruntime140_1.dll
0x00007ff9d7920000 - 0x00007ff9d79ad000 	C:\Users\berti\.vscode\extensions\redhat.java-1.56.0-win32-x64\jre\21.0.12.1-win32-x86_64\bin\msvcp140.dll
0x00007ff9d01f0000 - 0x00007ff9d0f92000 	C:\Users\berti\.vscode\extensions\redhat.java-1.56.0-win32-x64\jre\21.0.12.1-win32-x86_64\bin\server\jvm.dll
0x00007ffaef9a0000 - 0x00007ffaefa5b000 	C:\WINDOWS\System32\ADVAPI32.dll
0x00007ffaf12f0000 - 0x00007ffaf1398000 	C:\WINDOWS\System32\sechost.dll
0x00007ffaeffa0000 - 0x00007ffaf00b8000 	C:\WINDOWS\System32\RPCRT4.dll
0x00007ffaf0520000 - 0x00007ffaf05a1000 	C:\WINDOWS\System32\WS2_32.dll
0x00007ffaee4f0000 - 0x00007ffaee54e000 	C:\WINDOWS\SYSTEM32\POWRPROF.dll
0x00007ffae3b70000 - 0x00007ffae3b7b000 	C:\WINDOWS\SYSTEM32\VERSION.dll
0x00007ffae1340000 - 0x00007ffae1377000 	C:\WINDOWS\SYSTEM32\WINMM.dll
0x00007ffaee4d0000 - 0x00007ffaee4e5000 	C:\WINDOWS\SYSTEM32\UMPDC.dll
0x00007ffaed300000 - 0x00007ffaed31b000 	C:\WINDOWS\SYSTEM32\kernel.appcore.dll
0x00007ffa83920000 - 0x00007ffa8392a000 	C:\Users\berti\.vscode\extensions\redhat.java-1.56.0-win32-x64\jre\21.0.12.1-win32-x86_64\bin\jimage.dll
0x00007ffaeb8e0000 - 0x00007ffaebb2c000 	C:\WINDOWS\SYSTEM32\DBGHELP.DLL
0x00007ffaf08f0000 - 0x00007ffaf0c7a000 	C:\WINDOWS\System32\combase.dll
0x00007ffaf0100000 - 0x00007ffaf01d9000 	C:\WINDOWS\System32\OLEAUT32.dll
0x00007ffad8ae0000 - 0x00007ffad8b1b000 	C:\WINDOWS\SYSTEM32\dbgcore.DLL
0x00007ffaeecf0000 - 0x00007ffaeed9c000 	C:\WINDOWS\System32\bcryptPrimitives.dll
0x00007ffa82390000 - 0x00007ffa8239f000 	C:\Users\berti\.vscode\extensions\redhat.java-1.56.0-win32-x64\jre\21.0.12.1-win32-x86_64\bin\instrument.dll
0x00007ffa261d0000 - 0x00007ffa261f0000 	C:\Users\berti\.vscode\extensions\redhat.java-1.56.0-win32-x64\jre\21.0.12.1-win32-x86_64\bin\java.dll
0x00007ffaef1c0000 - 0x00007ffaef95c000 	C:\WINDOWS\System32\SHELL32.dll
0x00007ffaebe80000 - 0x00007ffaec72d000 	C:\WINDOWS\SYSTEM32\windows.storage.dll
0x00007ffaefce0000 - 0x00007ffaefdd9000 	C:\WINDOWS\System32\SHCORE.dll
0x00007ffaf0380000 - 0x00007ffaf03e6000 	C:\WINDOWS\System32\shlwapi.dll
0x00007ffaee5b0000 - 0x00007ffaee5d9000 	C:\WINDOWS\SYSTEM32\profapi.dll
0x00007ffa27730000 - 0x00007ffa27748000 	C:\Users\berti\.vscode\extensions\redhat.java-1.56.0-win32-x64\jre\21.0.12.1-win32-x86_64\bin\zip.dll
0x00007ffa82100000 - 0x00007ffa82110000 	C:\Users\berti\.vscode\extensions\redhat.java-1.56.0-win32-x64\jre\21.0.12.1-win32-x86_64\bin\net.dll
0x00007ffae44f0000 - 0x00007ffae461a000 	C:\WINDOWS\SYSTEM32\WINHTTP.dll
0x00007ffaed8a0000 - 0x00007ffaed90c000 	C:\WINDOWS\system32\mswsock.dll
0x00007ffa0dcf0000 - 0x00007ffa0dd06000 	C:\Users\berti\.vscode\extensions\redhat.java-1.56.0-win32-x64\jre\21.0.12.1-win32-x86_64\bin\nio.dll
0x00007ffa81b00000 - 0x00007ffa81b10000 	C:\Users\berti\.vscode\extensions\redhat.java-1.56.0-win32-x64\jre\21.0.12.1-win32-x86_64\bin\verify.dll
0x00007ffac7890000 - 0x00007ffac78b7000 	C:\Users\berti\.gradle\native\c067742578af261105cb4f569cf0c3c89f3d7b1fecec35dd04571415982c5e48\windows-amd64\native-platform.dll
0x00007ffa559e0000 - 0x00007ffa55b24000 	C:\Users\berti\.gradle\native\100fb08df4bc3b14c8652ba06237920a3bd2aa13389f12d3474272988ae205f9\windows-amd64\native-platform-file-events.dll
0x00007ffa80bf0000 - 0x00007ffa80bfa000 	C:\Users\berti\.vscode\extensions\redhat.java-1.56.0-win32-x64\jre\21.0.12.1-win32-x86_64\bin\management.dll
0x00007ffa7f220000 - 0x00007ffa7f22c000 	C:\Users\berti\.vscode\extensions\redhat.java-1.56.0-win32-x64\jre\21.0.12.1-win32-x86_64\bin\management_ext.dll
0x00007ffaefae0000 - 0x00007ffaefae8000 	C:\WINDOWS\System32\PSAPI.DLL
0x00007ffaedce0000 - 0x00007ffaedcfb000 	C:\WINDOWS\SYSTEM32\CRYPTSP.dll
0x00007ffaed260000 - 0x00007ffaed299000 	C:\WINDOWS\system32\rsaenh.dll
0x00007ffaed950000 - 0x00007ffaed984000 	C:\WINDOWS\SYSTEM32\USERENV.dll
0x00007ffaee580000 - 0x00007ffaee5aa000 	C:\WINDOWS\SYSTEM32\bcrypt.dll
0x00007ffaedb00000 - 0x00007ffaedb0c000 	C:\WINDOWS\SYSTEM32\CRYPTBASE.dll
0x00007ffaecb40000 - 0x00007ffaecb73000 	C:\WINDOWS\SYSTEM32\IPHLPAPI.DLL
0x00007ffaf0510000 - 0x00007ffaf051a000 	C:\WINDOWS\System32\NSI.dll
0x00007ffa7f1d0000 - 0x00007ffa7f1d9000 	C:\Users\berti\.vscode\extensions\redhat.java-1.56.0-win32-x64\jre\21.0.12.1-win32-x86_64\bin\extnet.dll
0x00007ffa7e780000 - 0x00007ffa7e78e000 	C:\Users\berti\.vscode\extensions\redhat.java-1.56.0-win32-x64\jre\21.0.12.1-win32-x86_64\bin\sunmscapi.dll
0x00007ffaeee70000 - 0x00007ffaeefef000 	C:\WINDOWS\System32\CRYPT32.dll
0x00007ffaede50000 - 0x00007ffaede80000 	C:\WINDOWS\SYSTEM32\ncrypt.dll
0x00007ffaede00000 - 0x00007ffaede3f000 	C:\WINDOWS\SYSTEM32\NTASN1.dll
0x00007ffacc060000 - 0x00007ffacc068000 	C:\WINDOWS\system32\wshunix.dll

JVMTI agents:
C:\Users\berti\.gradle\wrapper\dists\gradle-8.9-bin\90cnw93cvbtalezasaz0blq0a\gradle-8.9\lib\agents\gradle-instrumentation-agent-8.9.jar path:C:\Users\berti\.vscode\extensions\redhat.java-1.56.0-win32-x64\jre\21.0.12.1-win32-x86_64\bin\instrument.dll, loaded, initialized, instrumentlib options:none

dbghelp: loaded successfully - version: 4.0.5 - missing functions: none
symbol engine: initialized successfully - sym options: 0x614 - pdb path: .;C:\Users\berti\.vscode\extensions\redhat.java-1.56.0-win32-x64\jre\21.0.12.1-win32-x86_64\bin;C:\WINDOWS\SYSTEM32;C:\Program Files\AVG\Antivirus;C:\WINDOWS\WinSxS\amd64_microsoft.windows.common-controls_6595b64144ccf1df_6.0.26100.9549_none_3e0a0396e3330090;C:\Users\berti\.vscode\extensions\redhat.java-1.56.0-win32-x64\jre\21.0.12.1-win32-x86_64\bin\server;C:\Users\berti\.gradle\native\c067742578af261105cb4f569cf0c3c89f3d7b1fecec35dd04571415982c5e48\windows-amd64;C:\Users\berti\.gradle\native\100fb08df4bc3b14c8652ba06237920a3bd2aa13389f12d3474272988ae205f9\windows-amd64

VM Arguments:
jvm_args: --add-opens=java.base/java.util=ALL-UNNAMED --add-opens=java.base/java.lang=ALL-UNNAMED --add-opens=java.base/java.lang.invoke=ALL-UNNAMED --add-opens=java.prefs/java.util.prefs=ALL-UNNAMED --add-exports=jdk.compiler/com.sun.tools.javac.api=ALL-UNNAMED --add-exports=jdk.compiler/com.sun.tools.javac.util=ALL-UNNAMED --add-opens=java.base/java.nio.charset=ALL-UNNAMED --add-opens=java.base/java.net=ALL-UNNAMED --add-opens=java.base/java.util.concurrent.atomic=ALL-UNNAMED -XX:MaxMetaspaceSize=384m -XX:+HeapDumpOnOutOfMemoryError -Xms256m -Xmx512m -Dfile.encoding=utf8 -Duser.country=IT -Duser.language=it -Duser.variant -javaagent:C:\Users\berti\.gradle\wrapper\dists\gradle-8.9-bin\90cnw93cvbtalezasaz0blq0a\gradle-8.9\lib\agents\gradle-instrumentation-agent-8.9.jar 
java_command: org.gradle.launcher.daemon.bootstrap.GradleDaemon 8.9
java_class_path (initial): C:\Users\berti\.gradle\wrapper\dists\gradle-8.9-bin\90cnw93cvbtalezasaz0blq0a\gradle-8.9\lib\gradle-daemon-main-8.9.jar
Launcher Type: SUN_STANDARD

[Global flags]
     intx CICompilerCount                          = 12                                        {product} {ergonomic}
   size_t CompressedClassSpaceSize                 = 335544320                                 {product} {ergonomic}
     uint ConcGCThreads                            = 4                                         {product} {ergonomic}
     uint G1ConcRefinementThreads                  = 15                                        {product} {ergonomic}
   size_t G1HeapRegionSize                         = 1048576                                   {product} {ergonomic}
    uintx GCDrainStackTargetSize                   = 64                                        {product} {ergonomic}
     bool HeapDumpOnOutOfMemoryError               = true                                   {manageable} {command line}
   size_t InitialHeapSize                          = 268435456                                 {product} {command line}
   size_t MarkStackSize                            = 4194304                                   {product} {ergonomic}
   size_t MaxHeapSize                              = 536870912                                 {product} {command line}
   size_t MaxMetaspaceSize                         = 402653184                                 {product} {command line}
   size_t MaxNewSize                               = 321912832                                 {product} {ergonomic}
   size_t MinHeapDeltaBytes                        = 1048576                                   {product} {ergonomic}
   size_t MinHeapSize                              = 268435456                                 {product} {command line}
    uintx NonNMethodCodeHeapSize                   = 7602480                                {pd product} {ergonomic}
    uintx NonProfiledCodeHeapSize                  = 122027880                              {pd product} {ergonomic}
    uintx ProfiledCodeHeapSize                     = 122027880                              {pd product} {ergonomic}
    uintx ReservedCodeCacheSize                    = 251658240                              {pd product} {ergonomic}
     bool SegmentedCodeCache                       = true                                      {product} {ergonomic}
   size_t SoftMaxHeapSize                          = 536870912                              {manageable} {ergonomic}
     bool UseCompressedOops                        = true                           {product lp64_product} {ergonomic}
     bool UseG1GC                                  = true                                      {product} {ergonomic}
     bool UseLargePagesIndividualAllocation        = false                                  {pd product} {ergonomic}

Logging:
Log output configuration:
 #0: stdout all=warning uptime,level,tags foldmultilines=false
 #1: stderr all=off uptime,level,tags foldmultilines=false

Release file:
JAVA_VERSION="21.0.12.1" 
MODULES="java.base java.compiler java.datatransfer java.xml java.prefs java.desktop java.instrument java.logging java.management java.security.sasl java.naming java.rmi java.management.rmi java.net.http java.scripting java.security.jgss java.transaction.xa java.sql java.sql.rowset java.xml.crypto java.se java.smartcardio jdk.accessibility jdk.internal.jvmstat jdk.attach jdk.charsets jdk.internal.opt jdk.zipfs jdk.compiler jdk.crypto.ec jdk.crypto.cryptoki jdk.crypto.mscapi jdk.dynalink jdk.internal.ed jdk.editpad jdk.hotspot.agent jdk.httpserver jdk.internal.le jdk.internal.vm.ci jdk.internal.vm.compiler jdk.internal.vm.compiler.management jdk.jartool jdk.javadoc jdk.jcmd jdk.management jdk.management.agent jdk.jconsole jdk.jdeps jdk.jdwp.agent jdk.jdi jdk.jfr jdk.jshell jdk.jsobject jdk.jstatd jdk.localedata jdk.management.jfr jdk.naming.dns jdk.naming.rmi jdk.net jdk.nio.mapmode jdk.random jdk.sctp jdk.security.auth jdk.security.jgss jdk.unsupported jdk.unsupported.desktop jdk.xml.dom" 

Environment Variables:
JAVA_HOME=D:\Programmi\java\jdk-17.0.3+7
PATH=D:\Programmi\java\jdk-21.0.12\bin;C:\Program Files (x86)\Common Files\Oracle\Java\java8path;C:\Program Files (x86)\Common Files\Oracle\Java\javapath;C:\Program Files\Kerio\Outlook Connector (Offline Edition)\;C:\Windows\system32;C:\Windows;C:\Windows\System32\Wbem;C:\Windows\System32\WindowsPowerShell\v1.0\;C:\Windows\System32\OpenSSH\;C:\Program Files\dotnet\;C:\Program Files (x86)\NVIDIA Corporation\PhysX\Common;D:\Programmi\java\jdk-17.0.3+7\bin;D:\Programmi\apache-maven-3.6.3\bin;D:\Programmi\WSO2\EnterpriseIntegrator\6.4.0\bin;D:\Programmi\R\R-4.0.3\bin;D:\Programmi\R\R-4.0.3\bin\x64;D:\Programmi\R\R-4.0.3\library\rJava\jri;D:\Programmi\R\R-4.0.3\library\rJava\jri\x64;D:\Programmi\Python\Python3.13.5;D:\Programmi\PerlStrawberry\c\bin;D:\Programmi\PerlStrawberry\perl\site\bin;D:\Programmi\PerlStrawberry\perl\bin;D:\Programmi\Git\cmd;C:\Program Files\TortoiseSVN\bin;C:\Program Files\IDM Computer Solutions\UltraCompare;C:\Program Files\IDM Computer Solutions\UltraEdit;C:\Program Files\WireGuard\;C:\WINDOWS\system32;C:\WINDOWS;C:\WINDOWS\System32\Wbem;C:\WINDOWS\System32\WindowsPowerShell\v1.0\;C:\WINDOWS\System32\OpenSSH\;C:\Program Files\Git\cmd;C:\Program Files\TortoiseGit\bin;C:\Users\berti\AppData\Local\Android\Sdk\platform-tools;C:\Users\berti\AppData\Local\Android\Sdk\emulator;C:\Users\berti\AppData\Local\Android\Sdk\tools;C:\Users\berti\AppData\Local\Android\Sdk\tools\bin;D:\Programmi\nvm;D:\Programmi\nodejs\symlink\nodejs;D:\Programmi\gdal\bin;D:\Programmi\gdal\bin\gdal\apps;D:\Programmi\netCDF4.8.0\bin;D:\Programmi\Python\Python3.13.5;C:\Users\berti\AppData\Local\Microsoft\WindowsApps;C:\Users\berti\.lmstudio\bin;D:\Programmi\cursor\resources\app\bin;D:\Programmi\VS_Code\bin;D:\Programmi\nvm;D:\Programmi\nodejs\symlink\nodejs
USERNAME=berti
OS=Windows_NT
PROCESSOR_IDENTIFIER=Intel64 Family 6 Model 186 Stepping 2, GenuineIntel
TMP=C:\Users\berti\AppData\Local\Temp
TEMP=C:\Users\berti\AppData\Local\Temp




Periodic native trim disabled

---------------  S Y S T E M  ---------------

OS:
 Windows 11 , 64 bit Build 26100 (10.0.26100.9549)
OS uptime: 3 days 10:49 hours
Hyper-V role detected

CPU: total 20 (initial active 20) (10 cores per cpu, 2 threads per core) family 6 model 186 stepping 2 microcode 0x6134, cx8, cmov, fxsr, ht, mmx, 3dnowpref, sse, sse2, sse3, ssse3, sse4.1, sse4.2, popcnt, lzcnt, tsc, tscinvbit, avx, avx2, aes, erms, clmul, bmi1, bmi2, adx, sha, fma, vzeroupper, clflush, clflushopt, clwb, hv, serialize, rdtscp, rdpid, fsrm, f16c, cet_ibt, cet_ss
Processor Information for processor 0
  Max Mhz: 1900, Current Mhz: 1900, Mhz Limit: 1900
Processor Information for processor 1
  Max Mhz: 1900, Current Mhz: 1900, Mhz Limit: 1900
Processor Information for processor 2
  Max Mhz: 1900, Current Mhz: 1900, Mhz Limit: 1900
Processor Information for processor 3
  Max Mhz: 1900, Current Mhz: 1900, Mhz Limit: 1900
Processor Information for processor 4
  Max Mhz: 1900, Current Mhz: 1900, Mhz Limit: 1900
Processor Information for processor 5
  Max Mhz: 1900, Current Mhz: 1900, Mhz Limit: 1900
Processor Information for processor 6
  Max Mhz: 1900, Current Mhz: 1900, Mhz Limit: 1900
Processor Information for processor 7
  Max Mhz: 1900, Current Mhz: 1900, Mhz Limit: 1900
Processor Information for processor 8
  Max Mhz: 1900, Current Mhz: 1900, Mhz Limit: 1900
Processor Information for processor 9
  Max Mhz: 1900, Current Mhz: 1900, Mhz Limit: 1900
Processor Information for processor 10
  Max Mhz: 1900, Current Mhz: 1900, Mhz Limit: 1900
Processor Information for processor 11
  Max Mhz: 1900, Current Mhz: 1900, Mhz Limit: 1900
Processor Information for processor 12
  Max Mhz: 1900, Current Mhz: 1900, Mhz Limit: 1900
Processor Information for processor 13
  Max Mhz: 1900, Current Mhz: 1900, Mhz Limit: 1900
Processor Information for processor 14
  Max Mhz: 1900, Current Mhz: 1900, Mhz Limit: 1900
Processor Information for processor 15
  Max Mhz: 1900, Current Mhz: 1492, Mhz Limit: 1900
Processor Information for processor 16
  Max Mhz: 1900, Current Mhz: 1492, Mhz Limit: 1900
Processor Information for processor 17
  Max Mhz: 1900, Current Mhz: 1900, Mhz Limit: 1900
Processor Information for processor 18
  Max Mhz: 1900, Current Mhz: 1492, Mhz Limit: 1900
Processor Information for processor 19
  Max Mhz: 1900, Current Mhz: 1492, Mhz Limit: 1900

Memory: 4k page, system-wide physical 32452M (6094M free)
TotalPageFile size 64452M (AvailPageFile size 70M)
current process WorkingSet (physical memory assigned to process): 436M, peak: 437M
current process commit charge ("private bytes"): 531M, peak: 533M

vm_info: OpenJDK 64-Bit Server VM (21.0.12.1+1-LTS) for windows-amd64 JRE (21.0.12.1+1-LTS), built on 2026-08-18T00:00:00Z by "admin" with MS VC++ 17.12 (VS2022)

END.
